latitude,longitude,temperature,windAngle,windSpeed,elevation
-34.067,-56.238,20.0,60.0,4.1,68.0
-34.067,-56.238,22.2,40.0,5.1,68.0
-34.067,-56.238,24.0,40.0,6.2,68.0
-34.067,-56.238,25.7,30.0,5.7,68.0
-34.067,-56.238,28.7,30.0,5.1,68.0
-34.067,-56.238,30.2,40.0,5.7,68.0
-34.067,-56.238,32.5,40.0,5.7,68.0
-34.067,-56.238,31.0,30.0,5.7,68.0
-34.067,-56.238,32.5,30.0,4.1,68.0
-34.067,-56.238,24.6,50.0,2.6,68.0
-34.067,-56.238,26.0,50.0,3.1,68.0
-34.067,-56.238,27.6,40.0,2.1,68.0
-34.067,-56.238,26.0,360.0,1.0,68.0
-34.067,-56.238,27.2,10.0,2.1,68.0
-34.067,-56.238,30.6,330.0,1.5,68.0
-34.067,-56.238,30.5,330.0,2.6,68.0
-34.067,-56.238,28.7,330.0,3.1,68.0
-34.067,-56.238,24.0,300.0,10.8,68.0
-34.067,-56.238,18.7,180.0,3.1,68.0
-34.067,-56.238,18.6,180.0,3.1,68.0
-34.067,-56.238,19.6,190.0,5.7,68.0
-34.067,-56.238,20.6,170.0,4.6,68.0
-34.067,-56.238,21.6,180.0,5.7,68.0
-34.067,-56.238,21.0,170.0,4.1,68.0
-34.067,-56.238,21.6,160.0,3.6,68.0
-34.067,-56.238,21.7,180.0,4.1,68.0
-34.067,-56.238,22.6,180.0,5.7,68.0
-34.067,-56.238,12.7,20.0,2.6,68.0
-34.067,-56.238,17.5,30.0,3.6,68.0
-34.067,-56.238,20.0,20.0,3.6,68.0
-34.067,-56.238,22.6,330.0,2.1,68.0
-34.067,-56.238,24.5,300.0,1.5,68.0
-34.067,-56.238,24.7,320.0,2.1,68.0
-34.067,-56.238,26.2,300.0,1.0,68.0
-34.067,-56.238,27.5,270.0,1.5,68.0
-34.067,-56.238,27.5,80.0,2.6,68.0
-34.067,-56.238,16.0,20.0,2.1,68.0
-34.067,-56.238,19.6,30.0,3.6,68.0
-34.067,-56.238,22.6,30.0,5.7,68.0
-34.067,-56.238,24.6,360.0,5.1,68.0
-34.067,-56.238,26.6,40.0,4.6,68.0
-34.067,-56.238,27.5,40.0,4.6,68.0
-34.067,-56.238,27.7,30.0,5.7,68.0
-34.067,-56.238,28.6,50.0,5.1,68.0
-34.067,-56.238,29.0,30.0,4.6,68.0
-34.067,-56.238,19.6,30.0,3.6,68.0
-34.067,-56.238,22.2,20.0,6.7,68.0
-34.067,-56.238,24.7,10.0,6.2,68.0
-34.067,-56.238,27.0,20.0,5.1,68.0
-34.067,-56.238,28.7,20.0,6.2,68.0
-34.067,-56.238,29.6,30.0,6.7,68.0
-34.067,-56.238,30.7,20.0,5.7,68.0
-34.067,-56.238,31.5,20.0,4.6,68.0
-34.067,-56.238,31.6,10.0,3.6,68.0
-34.067,-56.238,21.0,140.0,4.1,68.0
-34.067,-56.238,20.6,130.0,4.6,68.0
-34.067,-56.238,20.6,140.0,3.6,68.0
-34.067,-56.238,21.2,140.0,4.6,68.0
-34.067,-56.238,21.6,230.0,3.1,68.0
-34.067,-56.238,22.5,270.0,1.5,68.0
-34.067,-56.238,22.6,230.0,6.7,68.0
-34.067,-56.238,22.2,250.0,6.2,68.0
-34.067,-56.238,21.0,210.0,7.2,68.0
-34.067,-56.238,20.2,20.0,1.5,68.0
-34.067,-56.238,23.2,360.0,2.6,68.0
-34.067,-56.238,25.6,360.0,2.1,68.0
-34.067,-56.238,28.2,300.0,3.1,68.0
-34.067,-56.238,28.6,280.0,2.6,68.0
-34.067,-56.238,29.7,330.0,2.1,68.0
-34.067,-56.238,31.2,330.0,1.5,68.0
-34.067,-56.238,31.6,20.0,1.5,68.0
-34.067,-56.238,31.7,30.0,2.1,68.0
-34.067,-56.238,22.5,20.0,1.0,68.0
-34.067,-56.238,24.0,30.0,2.1,68.0
-34.067,-56.238,25.6,360.0,1.5,68.0
-34.067,-56.238,27.0,340.0,1.5,68.0
-34.067,-56.238,26.5,10.0,4.1,68.0
-34.067,-56.238,28.0,360.0,3.1,68.0
-34.067,-56.238,28.6,360.0,4.1,68.0
-34.067,-56.238,29.5,360.0,1.0,68.0
-34.067,-56.238,29.5,290.0,1.5,68.0
-34.067,-56.238,19.0,140.0,3.1,68.0
-34.067,-56.238,19.5,180.0,2.6,68.0
-34.067,-56.238,19.2,180.0,3.1,68.0
-34.067,-56.238,19.5,180.0,2.6,68.0
-34.067,-56.238,19.7,180.0,4.1,68.0
-34.067,-56.238,20.5,150.0,3.1,68.0
-34.067,-56.238,22.0,160.0,4.6,68.0
-34.067,-56.238,21.7,150.0,3.1,68.0
-34.067,-56.238,22.2,180.0,3.6,68.0
-34.067,-56.238,14.6,0.0,0.0,68.0
-34.067,-56.238,18.0,230.0,2.1,68.0
-34.067,-56.238,20.2,180.0,4.6,68.0
-34.067,-56.238,22.0,190.0,5.7,68.0
-34.067,-56.238,22.7,140.0,4.6,68.0
-34.067,-56.238,22.5,160.0,4.6,68.0
-34.067,-56.238,23.7,130.0,3.1,68.0
-34.067,-56.238,24.2,90.0,1.5,68.0
-34.067,-56.238,24.6,100.0,2.1,68.0
-34.067,-56.238,15.7,90.0,1.5,68.0
-34.067,-56.238,17.5,50.0,2.1,68.0
-34.067,-56.238,20.0,40.0,4.1,68.0
-34.067,-56.238,23.0,30.0,3.6,68.0
-34.067,-56.238,24.7,20.0,3.6,68.0
-34.067,-56.238,26.0,40.0,3.6,68.0
-34.067,-56.238,26.7,90.0,2.1,68.0
-34.067,-56.238,27.6,50.0,3.6,68.0
-34.067,-56.238,28.0,30.0,2.6,68.0
-34.067,-56.238,19.6,20.0,1.5,68.0
-34.067,-56.238,22.0,50.0,3.6,68.0
-34.067,-56.238,23.5,40.0,4.1,68.0
-34.067,-56.238,25.2,40.0,3.6,68.0
-34.067,-56.238,25.7,70.0,3.6,68.0
-34.067,-56.238,25.7,40.0,1.5,68.0
-34.067,-56.238,25.0,40.0,1.5,68.0
-34.067,-56.238,24.0,150.0,2.1,68.0
-34.067,-56.238,24.0,0.0,0.0,68.0
26.536,-81.755,22.8,150.0,3.1,9.0
26.536,-81.755,21.7,130.0,2.1,9.0
26.536,-81.755,20.0,100.0,2.6,9.0
26.536,-81.755,18.9,110.0,1.5,9.0
26.536,-81.755,18.9,0.0,0.0,9.0
26.536,-81.755,0.0,0.0,0.0,9.0
26.536,-81.755,0.0,0.0,0.0,9.0
26.536,-81.755,17.2,90.0,2.1,9.0
26.536,-81.755,18.3,0.0,0.0,9.0
26.536,-81.755,17.8,50.0,2.1,9.0
26.536,-81.755,17.8,0.0,0.0,9.0
26.536,-81.755,18.0,0.0,0.0,9.0
26.536,-81.755,17.8,70.0,1.5,9.0
26.536,-81.755,17.2,90.0,2.1,9.0
26.536,-81.755,17.2,100.0,1.5,9.0
26.536,-81.755,17.2,0.0,0.0,9.0
26.536,-81.755,17.8,130.0,2.6,9.0
26.536,-81.755,17.8,120.0,1.5,9.0
26.536,-81.755,17.8,120.0,1.5,9.0
26.536,-81.755,17.2,0.0,0.0,9.0
26.536,-81.755,17.2,50.0,1.5,9.0
26.536,-81.755,17.8,60.0,2.1,9.0
26.536,-81.755,17.8,50.0,2.1,9.0
26.536,-81.755,17.8,50.0,2.6,9.0
26.536,-81.755,17.8,60.0,2.1,9.0
26.536,-81.755,17.2,60.0,2.1,9.0
26.536,-81.755,17.2,0.0,0.0,9.0
26.536,-81.755,17.8,70.0,2.1,9.0
26.536,-81.755,17.2,0.0,0.0,9.0
26.536,-81.755,17.8,0.0,0.0,9.0
26.536,-81.755,18.3,110.0,1.5,9.0
26.536,-81.755,18.3,0.0,0.0,9.0
26.536,-81.755,18.9,120.0,1.5,9.0
26.536,-81.755,19.4,120.0,2.1,9.0
26.536,-81.755,20.6,130.0,2.6,9.0
26.536,-81.755,23.9,150.0,3.6,9.0
26.536,-81.755,25.6,160.0,4.1,9.0
26.536,-81.755,27.2,150.0,4.6,9.0
26.536,-81.755,26.1,220.0,2.1,9.0
26.536,-81.755,27.2,160.0,2.1,9.0
26.536,-81.755,26.7,240.0,4.1,9.0
26.536,-81.755,26.7,230.0,3.1,9.0
26.536,-81.755,25.6,300.0,1.5,9.0
26.536,-81.755,24.4,250.0,3.1,9.0
26.536,-81.755,24.4,0.0,0.0,9.0
26.536,-81.755,23.9,10.0,1.5,9.0
26.536,-81.755,23.3,30.0,2.6,9.0
26.536,-81.755,22.2,90.0,2.6,9.0
26.536,-81.755,22.2,180.0,2.6,9.0
26.536,-81.755,22.2,150.0,1.5,9.0
26.536,-81.755,0.0,0.0,0.0,9.0
26.536,-81.755,20.6,0.0,0.0,9.0
26.536,-81.755,18.9,100.0,2.6,9.0
26.536,-81.755,19.4,110.0,1.5,9.0
26.536,-81.755,18.9,120.0,1.5,9.0
26.536,-81.755,17.8,80.0,2.1,9.0
26.536,-81.755,17.2,80.0,2.6,9.0
26.536,-81.755,17.2,100.0,2.6,9.0
26.536,-81.755,18.9,0.0,0.0,9.0
26.536,-81.755,21.1,90.0,2.1,9.0
26.536,-81.755,23.9,0.0,1.5,9.0
26.536,-81.755,26.1,120.0,4.1,9.0
26.536,-81.755,27.2,130.0,3.6,9.0
26.536,-81.755,28.3,160.0,4.1,9.0
26.536,-81.755,28.3,220.0,2.6,9.0
26.536,-81.755,28.9,0.0,1.5,9.0
26.536,-81.755,28.9,120.0,4.6,9.0
26.536,-81.755,27.2,250.0,3.6,9.0
26.536,-81.755,25.0,0.0,0.0,9.0
26.536,-81.755,24.4,0.0,0.0,9.0
26.536,-81.755,23.3,140.0,3.1,9.0
26.536,-81.755,23.3,140.0,3.1,9.0
26.536,-81.755,22.2,130.0,2.1,9.0
26.536,-81.755,21.1,130.0,3.6,9.0
26.536,-81.755,21.1,130.0,3.1,9.0
26.536,-81.755,0.0,0.0,0.0,9.0
26.536,-81.755,20.6,150.0,1.5,9.0
26.536,-81.755,20.6,130.0,1.5,9.0
26.536,-81.755,20.0,140.0,2.1,9.0
26.536,-81.755,20.0,0.0,0.0,9.0
26.536,-81.755,20.0,50.0,1.5,9.0
26.536,-81.755,18.9,90.0,1.5,9.0
26.536,-81.755,19.4,130.0,2.1,9.0
26.536,-81.755,19.4,90.0,2.6,9.0
26.536,-81.755,21.7,140.0,4.6,9.0
26.536,-81.755,24.4,180.0,3.6,9.0
26.536,-81.755,26.0,160.0,3.6,9.0
26.536,-81.755,26.1,160.0,2.1,9.0
26.536,-81.755,26.1,210.0,3.6,9.0
26.536,-81.755,26.7,210.0,4.6,9.0
26.536,-81.755,26.7,230.0,6.2,9.0
26.536,-81.755,27.8,240.0,5.1,9.0
26.536,-81.755,27.2,240.0,6.7,9.0
26.536,-81.755,26.7,250.0,6.7,9.0
26.536,-81.755,27.2,230.0,6.7,9.0
26.536,-81.755,26.1,260.0,5.1,9.0
26.536,-81.755,25.0,240.0,5.1,9.0
26.536,-81.755,23.3,240.0,3.1,9.0
26.536,-81.755,23.3,260.0,1.5,9.0
26.536,-81.755,22.2,210.0,1.5,9.0
26.536,-81.755,21.7,180.0,1.5,9.0
26.536,-81.755,21.1,130.0,1.5,9.0
26.536,-81.755,20.6,0.0,0.0,9.0
26.536,-81.755,21.1,0.0,0.0,9.0
26.536,-81.755,20.0,0.0,0.0,9.0
26.536,-81.755,20.6,0.0,0.0,9.0
26.536,-81.755,20.6,0.0,0.0,9.0
26.536,-81.755,20.6,0.0,0.0,9.0
26.536,-81.755,20.6,0.0,0.0,9.0
26.536,-81.755,20.6,0.0,0.0,9.0
26.536,-81.755,0.0,0.0,0.0,9.0
26.536,-81.755,20.0,0.0,0.0,9.0
26.536,-81.755,19.4,0.0,0.0,9.0
26.536,-81.755,20.6,0.0,0.0,9.0
26.536,-81.755,19.4,140.0,1.5,9.0
26.536,-81.755,19.4,140.0,1.5,9.0
26.536,-81.755,20.0,130.0,2.1,9.0
26.536,-81.755,19.0,130.0,2.1,9.0
26.536,-81.755,19.4,130.0,1.5,9.0
26.536,-81.755,18.9,110.0,2.6,9.0
26.536,-81.755,18.9,120.0,2.1,9.0
26.536,-81.755,18.9,110.0,1.5,9.0
26.536,-81.755,18.9,130.0,2.1,9.0
26.536,-81.755,20.0,120.0,1.5,9.0
26.536,-81.755,20.0,150.0,1.5,9.0
26.536,-81.755,20.0,130.0,2.1,9.0
26.536,-81.755,20.0,140.0,2.6,9.0
26.536,-81.755,20.0,140.0,2.6,9.0
26.536,-81.755,20.6,160.0,2.1,9.0
26.536,-81.755,20.6,150.0,2.1,9.0
26.536,-81.755,20.6,150.0,2.6,9.0
26.536,-81.755,20.6,160.0,3.1,9.0
26.536,-81.755,20.6,170.0,3.1,9.0
26.536,-81.755,20.6,160.0,4.1,9.0
26.536,-81.755,20.6,160.0,3.1,9.0
26.536,-81.755,20.6,170.0,2.1,9.0
26.536,-81.755,21.0,160.0,2.6,9.0
26.536,-81.755,20.6,160.0,3.6,9.0
26.536,-81.755,20.6,160.0,3.6,9.0
26.536,-81.755,21.1,170.0,4.1,9.0
26.536,-81.755,21.7,180.0,4.1,9.0
26.536,-81.755,21.7,180.0,4.1,9.0
26.536,-81.755,21.7,170.0,4.6,9.0
26.536,-81.755,21.7,170.0,4.6,9.0
26.536,-81.755,22.8,170.0,7.2,9.0
26.536,-81.755,23.3,170.0,5.7,9.0
26.536,-81.755,25.0,190.0,5.7,9.0
26.536,-81.755,25.6,180.0,5.7,9.0
26.536,-81.755,27.2,200.0,7.7,9.0
26.536,-81.755,27.8,180.0,7.2,9.0
26.536,-81.755,28.3,200.0,8.8,9.0
26.536,-81.755,28.3,220.0,10.3,9.0
26.536,-81.755,26.7,220.0,9.8,9.0
26.536,-81.755,26.7,220.0,8.8,9.0
26.536,-81.755,25.0,220.0,7.7,9.0
26.536,-81.755,23.9,230.0,6.2,9.0
26.536,-81.755,23.3,220.0,6.2,9.0
26.536,-81.755,23.3,280.0,2.6,9.0
26.536,-81.755,23.0,290.0,3.1,9.0
26.536,-81.755,22.8,270.0,3.6,9.0
26.536,-81.755,21.7,190.0,3.1,9.0
26.536,-81.755,21.1,220.0,3.6,9.0
26.536,-81.755,21.1,250.0,3.1,9.0
26.536,-81.755,21.1,250.0,2.6,9.0
26.536,-81.755,0.0,0.0,0.0,9.0
26.536,-81.755,21.1,250.0,3.6,9.0
26.536,-81.755,22.0,270.0,4.1,9.0
26.536,-81.755,21.7,290.0,3.6,9.0
26.536,-81.755,21.0,300.0,2.6,9.0
26.536,-81.755,20.6,310.0,3.1,9.0
26.536,-81.755,20.6,300.0,2.6,9.0
26.536,-81.755,20.0,310.0,2.6,9.0
26.536,-81.755,20.0,300.0,2.1,9.0
26.536,-81.755,20.0,310.0,2.6,9.0
26.536,-81.755,19.4,320.0,2.6,9.0
26.536,-81.755,19.4,310.0,1.5,9.0
26.536,-81.755,18.9,320.0,2.1,9.0
26.536,-81.755,18.3,0.0,0.0,9.0
26.536,-81.755,18.3,0.0,0.0,9.0
26.536,-81.755,19.4,280.0,1.5,9.0
26.536,-81.755,21.7,280.0,4.6,9.0
26.536,-81.755,22.8,280.0,4.6,9.0
26.536,-81.755,23.3,300.0,6.7,9.0
26.536,-81.755,23.3,0.0,3.1,9.0
26.536,-81.755,21.7,310.0,5.1,9.0
26.536,-81.755,21.1,280.0,4.1,9.0
26.536,-81.755,21.1,300.0,5.7,9.0
26.536,-81.755,21.7,290.0,5.1,9.0
26.536,-81.755,20.0,300.0,4.1,9.0
26.536,-81.755,18.3,300.0,1.5,9.0
26.536,-81.755,17.2,300.0,4.1,9.0
26.536,-81.755,16.7,320.0,3.1,9.0
26.536,-81.755,15.6,330.0,3.1,9.0
26.536,-81.755,15.0,0.0,1.5,9.0
26.536,-81.755,14.4,350.0,2.1,9.0
26.536,-81.755,13.9,350.0,2.1,9.0
26.536,-81.755,0.0,0.0,0.0,9.0
26.536,-81.755,13.3,360.0,3.1,9.0
26.536,-81.755,12.2,360.0,3.1,9.0
26.536,-81.755,12.2,10.0,3.6,9.0
26.536,-81.755,11.7,20.0,3.1,9.0
26.536,-81.755,11.1,10.0,2.6,9.0
26.536,-81.755,11.1,10.0,2.6,9.0
26.536,-81.755,10.6,10.0,3.1,9.0
26.536,-81.755,11.7,10.0,3.1,9.0
26.536,-81.755,13.3,40.0,3.1,9.0
26.536,-81.755,15.6,40.0,4.1,9.0
26.536,-81.755,17.8,70.0,2.6,9.0
26.536,-81.755,20.0,60.0,3.6,9.0
26.536,-81.755,21.7,30.0,3.6,9.0
26.536,-81.755,23.3,20.0,3.6,9.0
26.536,-81.755,23.3,20.0,2.1,9.0
26.536,-81.755,23.9,10.0,2.6,9.0
26.536,-81.755,22.8,20.0,2.1,9.0
26.536,-81.755,20.6,10.0,1.5,9.0
26.536,-81.755,18.9,10.0,2.1,9.0
26.536,-81.755,18.3,30.0,2.6,9.0
26.536,-81.755,16.1,50.0,2.6,9.0
26.536,-81.755,16.1,50.0,3.1,9.0
26.536,-81.755,15.6,40.0,2.1,9.0
26.536,-81.755,14.4,50.0,2.1,9.0
26.536,-81.755,0.0,0.0,0.0,9.0
26.536,-81.755,13.9,50.0,2.1,9.0
26.536,-81.755,13.9,70.0,2.1,9.0
26.536,-81.755,13.3,50.0,1.5,9.0
26.536,-81.755,12.8,70.0,2.1,9.0
26.536,-81.755,13.3,70.0,2.1,9.0
26.536,-81.755,13.3,60.0,2.1,9.0
26.536,-81.755,13.3,60.0,2.6,9.0
26.536,-81.755,13.3,60.0,2.6,9.0
26.536,-81.755,13.3,60.0,2.6,9.0
26.536,-81.755,13.3,60.0,2.1,9.0
26.536,-81.755,14.4,60.0,3.1,9.0
26.536,-81.755,16.7,70.0,3.1,9.0
26.536,-81.755,21.1,80.0,4.1,9.0
26.536,-81.755,23.3,90.0,5.1,9.0
26.536,-81.755,24.4,120.0,5.1,9.0
26.536,-81.755,25.6,50.0,4.1,9.0
26.536,-81.755,26.1,90.0,3.6,9.0
26.536,-81.755,26.7,100.0,2.1,9.0
26.536,-81.755,27.2,40.0,2.6,9.0
26.536,-81.755,26.1,80.0,2.6,9.0
26.536,-81.755,22.8,70.0,3.1,9.0
26.536,-81.755,21.1,80.0,2.6,9.0
26.536,-81.755,20.6,80.0,3.1,9.0
26.536,-81.755,19.4,100.0,3.1,9.0
26.536,-81.755,18.3,110.0,2.6,9.0
26.536,-81.755,17.8,100.0,2.6,9.0
26.536,-81.755,16.7,70.0,2.1,9.0
26.536,-81.755,0.0,0.0,0.0,9.0
26.536,-81.755,16.7,0.0,0.0,9.0
26.536,-81.755,16.1,60.0,2.1,9.0
26.536,-81.755,14.4,0.0,0.0,9.0
26.536,-81.755,14.4,80.0,2.1,9.0
26.536,-81.755,15.0,0.0,0.0,9.0
26.536,-81.755,13.9,0.0,0.0,9.0
26.536,-81.755,13.3,70.0,1.5,9.0
26.536,-81.755,15.0,70.0,1.5,9.0
26.536,-81.755,18.3,60.0,2.6,9.0
26.536,-81.755,22.2,70.0,2.1,9.0
26.536,-81.755,24.4,100.0,3.6,9.0
26.536,-81.755,25.0,50.0,1.5,9.0
26.536,-81.755,26.1,160.0,2.1,9.0
26.536,-81.755,26.7,70.0,3.1,9.0
26.536,-81.755,26.7,0.0,0.0,9.0
26.536,-81.755,26.7,350.0,1.5,9.0
26.536,-81.755,26.1,360.0,3.1,9.0
26.536,-81.755,26.1,10.0,2.1,9.0
26.536,-81.755,24.4,0.0,0.0,9.0
26.536,-81.755,21.7,330.0,2.1,9.0
26.536,-81.755,20.0,310.0,1.5,9.0
26.536,-81.755,19.4,340.0,2.1,9.0
26.536,-81.755,19.4,0.0,0.0,9.0
26.536,-81.755,17.8,0.0,0.0,9.0
26.536,-81.755,18.3,0.0,0.0,9.0
26.536,-81.755,0.0,0.0,0.0,9.0
26.536,-81.755,18.3,0.0,0.0,9.0
26.536,-81.755,17.8,360.0,1.5,9.0
26.536,-81.755,17.2,30.0,1.5,9.0
26.536,-81.755,17.2,20.0,1.5,9.0
26.536,-81.755,16.7,350.0,2.1,9.0
26.536,-81.755,17.2,10.0,1.5,9.0
26.536,-81.755,17.2,10.0,1.5,9.0
26.536,-81.755,17.8,0.0,0.0,9.0
26.536,-81.755,18.9,350.0,3.6,9.0
26.536,-81.755,20.0,10.0,4.6,9.0
26.536,-81.755,20.6,360.0,2.6,9.0
26.536,-81.755,21.7,350.0,4.1,9.0
26.536,-81.755,21.7,310.0,2.1,9.0
26.536,-81.755,22.2,320.0,3.1,9.0
26.536,-81.755,23.3,300.0,3.6,9.0
26.536,-81.755,22.8,280.0,3.6,9.0
26.536,-81.755,21.7,300.0,3.1,9.0
26.536,-81.755,19.4,310.0,2.6,9.0
26.536,-81.755,17.8,310.0,2.6,9.0
26.536,-81.755,17.2,290.0,2.1,9.0
26.536,-81.755,16.1,310.0,2.6,9.0
26.536,-81.755,15.0,330.0,2.1,9.0
26.536,-81.755,13.9,330.0,3.6,9.0
26.536,-81.755,13.3,340.0,4.1,9.0
26.536,-81.755,0.0,0.0,0.0,9.0
26.536,-81.755,13.3,340.0,3.6,9.0
26.536,-81.755,12.2,350.0,3.1,9.0
26.536,-81.755,11.7,360.0,3.6,9.0
26.536,-81.755,10.6,10.0,3.1,9.0
26.536,-81.755,10.0,10.0,3.6,9.0
26.536,-81.755,9.4,10.0,2.6,9.0
26.536,-81.755,8.9,10.0,2.6,9.0
26.536,-81.755,8.3,360.0,2.6,9.0
26.536,-81.755,8.9,0.0,0.0,9.0
26.536,-81.755,10.0,360.0,3.1,9.0
26.536,-81.755,10.0,360.0,3.6,9.0
26.536,-81.755,11.7,20.0,4.6,9.0
26.536,-81.755,13.3,360.0,3.6,9.0
26.536,-81.755,14.4,360.0,3.1,9.0
26.536,-81.755,15.6,350.0,2.6,9.0
26.536,-81.755,16.7,340.0,3.1,9.0
26.536,-81.755,17.8,0.0,1.5,9.0
26.536,-81.755,18.3,0.0,3.1,9.0
26.536,-81.755,17.2,340.0,3.1,9.0
26.536,-81.755,15.6,350.0,1.5,9.0
26.536,-81.755,12.8,0.0,0.0,9.0
26.536,-81.755,10.6,0.0,0.0,9.0
26.536,-81.755,11.1,360.0,2.1,9.0
26.536,-81.755,10.6,360.0,2.1,9.0
26.536,-81.755,10.0,30.0,2.1,9.0
26.536,-81.755,8.9,40.0,3.1,9.0
26.536,-81.755,0.0,0.0,0.0,9.0
26.536,-81.755,7.8,40.0,2.1,9.0
26.536,-81.755,6.7,0.0,0.0,9.0
26.536,-81.755,6.7,30.0,1.5,9.0
26.536,-81.755,6.7,40.0,1.5,9.0
26.536,-81.755,7.2,0.0,0.0,9.0
26.536,-81.755,7.2,10.0,1.5,9.0
26.536,-81.755,7.2,20.0,2.6,9.0
26.536,-81.755,8.9,20.0,4.1,9.0
26.536,-81.755,10.6,50.0,4.6,9.0
26.536,-81.755,14.4,30.0,2.1,9.0
26.536,-81.755,17.8,40.0,2.6,9.0
26.536,-81.755,20.6,70.0,2.6,9.0
26.536,-81.755,21.7,130.0,3.1,9.0
26.536,-81.755,22.2,140.0,4.1,9.0
26.536,-81.755,22.2,80.0,3.6,9.0
26.536,-81.755,23.9,130.0,5.1,9.0
26.536,-81.755,22.2,60.0,4.1,9.0
26.536,-81.755,20.6,60.0,2.1,9.0
26.536,-81.755,19.4,80.0,3.1,9.0
26.536,-81.755,18.3,70.0,4.6,9.0
26.536,-81.755,17.2,80.0,4.1,9.0
26.536,-81.755,16.1,80.0,2.1,9.0
26.536,-81.755,15.0,80.0,3.6,9.0
26.536,-81.755,14.4,80.0,3.1,9.0
26.536,-81.755,0.0,0.0,0.0,9.0
26.536,-81.755,13.9,70.0,2.6,9.0
26.536,-81.755,13.3,70.0,2.1,9.0
26.536,-81.755,13.3,60.0,2.6,9.0
26.536,-81.755,13.3,60.0,2.1,9.0
26.536,-81.755,13.3,60.0,2.6,9.0
26.536,-81.755,12.8,70.0,3.1,9.0
26.536,-81.755,12.8,70.0,3.6,9.0
26.536,-81.755,13.9,70.0,2.1,9.0
26.536,-81.755,17.8,80.0,4.6,9.0
26.536,-81.755,21.7,90.0,6.2,9.0
26.536,-81.755,23.3,100.0,6.7,9.0
26.536,-81.755,24.4,130.0,6.2,9.0
26.536,-81.755,25.0,140.0,5.7,9.0
26.536,-81.755,26.1,150.0,6.7,9.0
26.536,-81.755,26.1,130.0,4.6,9.0
26.536,-81.755,25.0,130.0,2.6,9.0
26.536,-81.755,23.9,250.0,3.6,9.0
26.536,-81.755,22.2,280.0,1.5,9.0
26.536,-81.755,21.7,230.0,1.5,9.0
26.536,-81.755,21.7,0.0,0.0,9.0
26.536,-81.755,20.6,0.0,0.0,9.0
26.536,-81.755,20.0,110.0,1.5,9.0
26.536,-81.755,17.8,110.0,1.5,9.0
26.536,-81.755,17.8,0.0,0.0,9.0
26.536,-81.755,0.0,0.0,0.0,9.0
26.536,-81.755,15.6,0.0,0.0,9.0
26.536,-81.755,14.4,50.0,1.5,9.0
26.536,-81.755,15.0,0.0,0.0,9.0
26.536,-81.755,13.9,0.0,0.0,9.0
26.536,-81.755,14.4,0.0,0.0,9.0
26.536,-81.755,13.9,130.0,2.1,9.0
26.536,-81.755,15.0,0.0,0.0,9.0
26.536,-81.755,15.0,0.0,0.0,9.0
26.536,-81.755,15.0,0.0,0.0,9.0
26.536,-81.755,15.6,0.0,0.0,9.0
26.536,-81.755,17.2,0.0,0.0,9.0
26.536,-81.755,17.2,0.0,0.0,9.0
26.536,-81.755,17.2,80.0,1.5,9.0
26.536,-81.755,19.0,0.0,0.0,9.0
26.536,-81.755,19.4,0.0,0.0,9.0
26.536,-81.755,22.8,190.0,2.6,9.0
26.536,-81.755,24.4,220.0,3.1,9.0
26.536,-81.755,25.6,250.0,5.1,9.0
26.536,-81.755,25.6,270.0,3.6,9.0
26.536,-81.755,25.6,250.0,3.6,9.0
26.536,-81.755,25.0,250.0,4.6,9.0
26.536,-81.755,23.9,250.0,3.6,9.0
26.536,-81.755,22.2,250.0,2.6,9.0
26.536,-81.755,21.1,280.0,1.5,9.0
60.383,5.333,6.6,290.0,13.0,36.0
60.383,5.333,6.0,300.0,10.0,36.0
60.383,5.333,6.5,310.0,14.0,36.0
60.383,5.333,6.2,310.0,16.0,36.0
60.383,5.333,6.2,310.0,15.0,36.0
60.383,5.333,5.9,320.0,17.0,36.0
60.383,5.333,5.7,310.0,12.0,36.0
60.383,5.333,5.2,330.0,13.0,36.0
60.383,5.333,5.0,320.0,11.0,36.0
60.383,5.333,4.2,320.0,12.0,36.0
60.383,5.333,4.6,330.0,17.0,36.0
60.383,5.333,4.3,330.0,13.0,36.0
60.383,5.333,4.0,320.0,13.0,36.0
60.383,5.333,3.9,320.0,13.0,36.0
60.383,5.333,3.4,330.0,11.0,36.0
60.383,5.333,3.8,330.0,13.0,36.0
60.383,5.333,4.6,330.0,10.0,36.0
60.383,5.333,5.0,330.0,8.0,36.0
60.383,5.333,4.8,330.0,11.0,36.0
60.383,5.333,4.4,330.0,11.0,36.0
60.383,5.333,4.2,340.0,10.0,36.0
60.383,5.333,3.2,340.0,9.0,36.0
60.383,5.333,3.3,340.0,9.0,36.0
60.383,5.333,3.1,340.0,6.0,36.0
60.383,5.333,3.0,340.0,8.0,36.0
60.383,5.333,2.7,340.0,8.0,36.0
60.383,5.333,2.7,330.0,8.0,36.0
60.383,5.333,2.5,330.0,5.0,36.0
60.383,5.333,2.6,340.0,6.0,36.0
60.383,5.333,2.5,350.0,4.0,36.0
60.383,5.333,2.2,350.0,4.0,36.0
60.383,5.333,1.8,340.0,4.0,36.0
60.383,5.333,1.1,340.0,3.0,36.0
60.383,5.333,1.0,150.0,2.0,36.0
60.383,5.333,1.3,80.0,1.0,36.0
60.383,5.333,3.2,340.0,4.0,36.0
60.383,5.333,2.8,320.0,4.0,36.0
60.383,5.333,2.3,340.0,4.0,36.0
60.383,5.333,2.5,340.0,3.0,36.0
60.383,5.333,1.9,290.0,2.0,36.0
60.383,5.333,2.0,260.0,1.0,36.0
60.383,5.333,1.7,230.0,1.0,36.0
60.383,5.333,1.2,90.0,1.0,36.0
60.383,5.333,1.1,0.0,0.0,36.0
60.383,5.333,0.8,130.0,1.0,36.0
60.383,5.333,0.6,130.0,2.0,36.0
60.383,5.333,0.2,130.0,2.0,36.0
60.383,5.333,0.2,140.0,1.0,36.0
60.383,5.333,0.4,150.0,2.0,36.0
60.383,5.333,-0.1,150.0,2.0,36.0
60.383,5.333,0.0,290.0,1.0,36.0
60.383,5.333,-0.6,150.0,2.0,36.0
60.383,5.333,-0.1,130.0,1.0,36.0
60.383,5.333,0.3,0.0,0.0,36.0
60.383,5.333,0.8,130.0,2.0,36.0
60.383,5.333,1.4,140.0,1.0,36.0
60.383,5.333,2.0,130.0,2.0,36.0
60.383,5.333,2.2,130.0,2.0,36.0
60.383,5.333,2.1,150.0,3.0,36.0
60.383,5.333,2.4,0.0,0.0,36.0
60.383,5.333,3.5,140.0,1.0,36.0
60.383,5.333,3.3,160.0,3.0,36.0
60.383,5.333,3.7,140.0,2.0,36.0
60.383,5.333,3.7,150.0,2.0,36.0
60.383,5.333,3.6,140.0,2.0,36.0
60.383,5.333,3.6,150.0,2.0,36.0
60.383,5.333,3.5,120.0,2.0,36.0
60.383,5.333,3.6,140.0,2.0,36.0
60.383,5.333,3.4,130.0,2.0,36.0
60.383,5.333,3.1,120.0,2.0,36.0
60.383,5.333,3.0,130.0,2.0,36.0
60.383,5.333,3.4,120.0,2.0,36.0
60.383,5.333,3.5,140.0,3.0,36.0
60.383,5.333,3.6,140.0,4.0,36.0
60.383,5.333,3.7,130.0,3.0,36.0
60.383,5.333,3.9,130.0,2.0,36.0
60.383,5.333,4.3,120.0,3.0,36.0
60.383,5.333,4.5,140.0,3.0,36.0
60.383,5.333,4.8,150.0,3.0,36.0
60.383,5.333,4.9,160.0,1.0,36.0
60.383,5.333,5.2,350.0,1.0,36.0
60.383,5.333,7.4,330.0,3.0,36.0
60.383,5.333,7.6,340.0,3.0,36.0
60.383,5.333,7.8,340.0,2.0,36.0
60.383,5.333,7.9,320.0,2.0,36.0
60.383,5.333,8.0,320.0,3.0,36.0
60.383,5.333,8.1,330.0,5.0,36.0
60.383,5.333,8.2,330.0,5.0,36.0
60.383,5.333,8.2,320.0,6.0,36.0
60.383,5.333,8.2,320.0,6.0,36.0
60.383,5.333,8.0,320.0,5.0,36.0
60.383,5.333,7.9,320.0,6.0,36.0
60.383,5.333,7.8,320.0,5.0,36.0
60.383,5.333,7.8,320.0,5.0,36.0
60.383,5.333,7.8,320.0,5.0,36.0
60.383,5.333,7.8,320.0,5.0,36.0
60.383,5.333,7.8,320.0,4.0,36.0
60.383,5.333,7.7,320.0,5.0,36.0
60.383,5.333,7.7,320.0,5.0,36.0
60.383,5.333,7.7,320.0,4.0,36.0
60.383,5.333,7.5,320.0,5.0,36.0
60.383,5.333,7.5,320.0,4.0,36.0
60.383,5.333,7.4,310.0,3.0,36.0
60.383,5.333,7.4,310.0,2.0,36.0
60.383,5.333,7.4,320.0,3.0,36.0
60.383,5.333,7.4,320.0,3.0,36.0
60.383,5.333,7.5,310.0,4.0,36.0
60.383,5.333,7.5,310.0,3.0,36.0
60.383,5.333,7.6,320.0,3.0,36.0
60.383,5.333,7.7,290.0,2.0,36.0
60.383,5.333,7.5,310.0,2.0,36.0
60.383,5.333,7.7,300.0,2.0,36.0
60.383,5.333,7.6,320.0,2.0,36.0
60.383,5.333,7.5,310.0,2.0,36.0
60.383,5.333,7.4,290.0,2.0,36.0
60.383,5.333,7.4,330.0,1.0,36.0
60.383,5.333,7.4,300.0,1.0,36.0
60.383,5.333,7.3,290.0,1.0,36.0
60.383,5.333,7.3,320.0,1.0,36.0
60.383,5.333,7.4,320.0,1.0,36.0
60.383,5.333,7.4,310.0,1.0,36.0
60.383,5.333,7.3,310.0,2.0,36.0
60.383,5.333,7.2,320.0,3.0,36.0
60.383,5.333,7.1,310.0,2.0,36.0
60.383,5.333,6.7,300.0,1.0,36.0
60.383,5.333,6.5,310.0,1.0,36.0
60.383,5.333,6.4,120.0,1.0,36.0
60.383,5.333,6.1,190.0,1.0,36.0
60.383,5.333,5.6,140.0,2.0,36.0
60.383,5.333,5.7,130.0,2.0,36.0
60.383,5.333,6.0,130.0,3.0,36.0
60.383,5.333,6.2,130.0,3.0,36.0
60.383,5.333,6.4,120.0,3.0,36.0
60.383,5.333,6.6,0.0,0.0,36.0
60.383,5.333,6.5,310.0,4.0,36.0
60.383,5.333,5.8,310.0,4.0,36.0
60.383,5.333,5.5,310.0,3.0,36.0
60.383,5.333,4.8,310.0,1.0,36.0
60.383,5.333,4.5,220.0,1.0,36.0
60.383,5.333,4.0,330.0,2.0,36.0
60.383,5.333,4.1,320.0,3.0,36.0
60.383,5.333,4.3,320.0,1.0,36.0
60.383,5.333,4.2,300.0,1.0,36.0
60.383,5.333,4.0,100.0,1.0,36.0
60.383,5.333,3.9,170.0,2.0,36.0
60.383,5.333,2.9,160.0,1.0,36.0
60.383,5.333,2.9,150.0,1.0,36.0
60.383,5.333,3.0,150.0,2.0,36.0
60.383,5.333,3.0,130.0,2.0,36.0
60.383,5.333,2.6,130.0,3.0,36.0
60.383,5.333,2.6,150.0,4.0,36.0
60.383,5.333,2.7,150.0,3.0,36.0
60.383,5.333,3.1,170.0,4.0,36.0
60.383,5.333,3.7,140.0,5.0,36.0
60.383,5.333,3.8,140.0,9.0,36.0
60.383,5.333,2.6,150.0,8.0,36.0
60.383,5.333,2.8,160.0,10.0,36.0
60.383,5.333,3.4,170.0,9.0,36.0
60.383,5.333,4.2,160.0,6.0,36.0
60.383,5.333,4.4,160.0,7.0,36.0
60.383,5.333,4.7,150.0,5.0,36.0
60.383,5.333,5.5,170.0,4.0,36.0
60.383,5.333,5.4,130.0,7.0,36.0
60.383,5.333,5.2,140.0,6.0,36.0
60.383,5.333,5.5,160.0,3.0,36.0
60.383,5.333,5.0,70.0,3.0,36.0
60.383,5.333,5.2,320.0,2.0,36.0
60.383,5.333,6.0,360.0,7.0,36.0
60.383,5.333,4.6,320.0,6.0,36.0
60.383,5.333,4.3,330.0,6.0,36.0
60.383,5.333,4.8,330.0,4.0,36.0
60.383,5.333,4.8,330.0,8.0,36.0
60.383,5.333,4.8,330.0,8.0,36.0
60.383,5.333,5.0,330.0,8.0,36.0
60.383,5.333,4.8,330.0,11.0,36.0
60.383,5.333,4.4,330.0,9.0,36.0
60.383,5.333,4.7,330.0,10.0,36.0
60.383,5.333,4.5,330.0,8.0,36.0
60.383,5.333,4.2,330.0,6.0,36.0
60.383,5.333,4.4,320.0,6.0,36.0
60.383,5.333,4.6,330.0,6.0,36.0
60.383,5.333,4.5,330.0,7.0,36.0
60.383,5.333,4.5,330.0,7.0,36.0
60.383,5.333,4.3,330.0,7.0,36.0
60.383,5.333,4.0,330.0,8.0,36.0
60.383,5.333,3.5,340.0,7.0,36.0
60.383,5.333,3.6,330.0,6.0,36.0
60.383,5.333,3.4,330.0,9.0,36.0
60.383,5.333,3.0,340.0,4.0,36.0
60.383,5.333,2.6,330.0,4.0,36.0
60.383,5.333,2.6,330.0,6.0,36.0
60.383,5.333,2.3,330.0,3.0,36.0
60.383,5.333,2.3,340.0,7.0,36.0
60.383,5.333,2.0,340.0,4.0,36.0
60.383,5.333,1.1,360.0,2.0,36.0
60.383,5.333,1.5,330.0,1.0,36.0
60.383,5.333,0.5,10.0,1.0,36.0
60.383,5.333,1.1,30.0,3.0,36.0
60.383,5.333,1.5,300.0,2.0,36.0
60.383,5.333,1.3,310.0,2.0,36.0
60.383,5.333,1.0,300.0,3.0,36.0
60.383,5.333,1.3,310.0,2.0,36.0
60.383,5.333,1.3,270.0,3.0,36.0
60.383,5.333,2.2,280.0,2.0,36.0
60.383,5.333,1.8,290.0,2.0,36.0
60.383,5.333,1.5,320.0,1.0,36.0
60.383,5.333,1.3,270.0,1.0,36.0
60.383,5.333,1.8,310.0,2.0,36.0
60.383,5.333,1.7,280.0,3.0,36.0
60.383,5.333,1.4,250.0,1.0,36.0
60.383,5.333,1.3,150.0,2.0,36.0
60.383,5.333,1.4,0.0,0.0,36.0
60.383,5.333,1.3,150.0,2.0,36.0
60.383,5.333,1.4,140.0,3.0,36.0
60.383,5.333,2.1,140.0,4.0,36.0
60.383,5.333,2.1,140.0,3.0,36.0
60.383,5.333,2.2,150.0,3.0,36.0
60.383,5.333,2.2,150.0,4.0,36.0
60.383,5.333,1.7,120.0,4.0,36.0
60.383,5.333,1.6,150.0,4.0,36.0
60.383,5.333,1.9,150.0,5.0,36.0
60.383,5.333,2.7,150.0,5.0,36.0
60.383,5.333,3.2,150.0,6.0,36.0
60.383,5.333,3.1,150.0,6.0,36.0
60.383,5.333,3.2,140.0,4.0,36.0
60.383,5.333,3.4,150.0,5.0,36.0
60.383,5.333,3.7,150.0,5.0,36.0
60.383,5.333,3.7,150.0,4.0,36.0
60.383,5.333,3.9,130.0,3.0,36.0
60.383,5.333,4.1,130.0,3.0,36.0
60.383,5.333,4.6,120.0,4.0,36.0
60.383,5.333,4.4,130.0,5.0,36.0
60.383,5.333,4.5,130.0,4.0,36.0
60.383,5.333,4.8,130.0,3.0,36.0
60.383,5.333,5.2,120.0,3.0,36.0
60.383,5.333,5.5,130.0,3.0,36.0
60.383,5.333,5.6,130.0,2.0,36.0
60.383,5.333,6.7,310.0,5.0,36.0
60.383,5.333,7.5,310.0,4.0,36.0
60.383,5.333,7.6,310.0,4.0,36.0
60.383,5.333,7.4,300.0,4.0,36.0
60.383,5.333,6.9,320.0,5.0,36.0
60.383,5.333,6.4,320.0,5.0,36.0
60.383,5.333,5.9,330.0,5.0,36.0
60.383,5.333,5.8,320.0,5.0,36.0
60.383,5.333,4.9,330.0,4.0,36.0
60.383,5.333,4.8,330.0,5.0,36.0
60.383,5.333,4.9,340.0,5.0,36.0
60.383,5.333,4.7,330.0,4.0,36.0
60.383,5.333,4.6,330.0,6.0,36.0
60.383,5.333,4.7,340.0,7.0,36.0
60.383,5.333,4.7,340.0,5.0,36.0
60.383,5.333,4.7,340.0,7.0,36.0
60.383,5.333,4.5,340.0,6.0,36.0
60.383,5.333,4.3,340.0,4.0,36.0
60.383,5.333,4.1,340.0,5.0,36.0
60.383,5.333,3.7,330.0,5.0,36.0
60.383,5.333,3.5,330.0,3.0,36.0
60.383,5.333,3.4,340.0,3.0,36.0
60.383,5.333,3.2,310.0,2.0,36.0
60.383,5.333,3.1,270.0,1.0,36.0
60.383,5.333,2.6,100.0,2.0,36.0
60.383,5.333,2.8,130.0,3.0,36.0
60.383,5.333,2.5,130.0,3.0,36.0
60.383,5.333,2.1,140.0,3.0,36.0
60.383,5.333,2.6,160.0,4.0,36.0
60.383,5.333,2.9,150.0,3.0,36.0
60.383,5.333,3.1,150.0,5.0,36.0
60.383,5.333,3.0,160.0,8.0,36.0
60.383,5.333,2.8,160.0,7.0,36.0
60.383,5.333,2.9,150.0,4.0,36.0
60.383,5.333,3.7,150.0,6.0,36.0
60.383,5.333,3.5,160.0,6.0,36.0
60.383,5.333,3.6,160.0,6.0,36.0
60.383,5.333,3.5,150.0,4.0,36.0
60.383,5.333,3.5,140.0,3.0,36.0
60.383,5.333,3.4,140.0,3.0,36.0
60.383,5.333,3.5,140.0,4.0,36.0
60.383,5.333,3.8,140.0,4.0,36.0
60.383,5.333,3.8,130.0,3.0,36.0
60.383,5.333,3.7,130.0,3.0,36.0
60.383,5.333,3.8,140.0,4.0,36.0
60.383,5.333,3.9,140.0,2.0,36.0
60.383,5.333,4.0,130.0,3.0,36.0
60.383,5.333,3.9,150.0,1.0,36.0
60.383,5.333,3.9,150.0,4.0,36.0
60.383,5.333,4.2,130.0,2.0,36.0
60.383,5.333,3.9,160.0,3.0,36.0
60.383,5.333,4.1,150.0,2.0,36.0
60.383,5.333,4.5,160.0,2.0,36.0
60.383,5.333,4.8,180.0,2.0,36.0
60.383,5.333,5.0,240.0,2.0,36.0
60.383,5.333,4.8,140.0,2.0,36.0
60.383,5.333,4.9,150.0,3.0,36.0
60.383,5.333,6.6,320.0,6.0,36.0
60.383,5.333,6.1,320.0,3.0,36.0
60.383,5.333,6.0,330.0,3.0,36.0
60.383,5.333,5.8,320.0,4.0,36.0
60.383,5.333,5.1,330.0,4.0,36.0
60.383,5.333,4.7,320.0,7.0,36.0
60.383,5.333,3.8,330.0,12.0,36.0
60.383,5.333,3.0,330.0,13.0,36.0
60.383,5.333,2.8,330.0,13.0,36.0
60.383,5.333,1.8,340.0,11.0,36.0
60.383,5.333,1.6,340.0,10.0,36.0
60.383,5.333,1.0,330.0,11.0,36.0
60.383,5.333,1.0,340.0,9.0,36.0
60.383,5.333,0.3,320.0,10.0,36.0
60.383,5.333,0.6,330.0,12.0,36.0
60.383,5.333,-0.5,0.0,0.0,36.0
60.383,5.333,-0.8,330.0,9.0,36.0
60.383,5.333,-0.9,0.0,0.0,36.0
60.383,5.333,-0.9,330.0,10.0,36.0
30.349,-85.788,21.1,140.0,5.1,21.0
30.349,-85.788,21.1,150.0,5.7,21.0
30.349,-85.788,21.1,150.0,4.6,21.0
30.349,-85.788,21.1,150.0,4.6,21.0
30.349,-85.788,21.1,140.0,4.1,21.0
30.349,-85.788,21.1,140.0,5.1,21.0
30.349,-85.788,21.1,140.0,3.6,21.0
30.349,-85.788,21.1,130.0,4.1,21.0
30.349,-85.788,21.1,140.0,3.1,21.0
30.349,-85.788,21.7,150.0,3.6,21.0
30.349,-85.788,21.7,160.0,4.6,21.0
30.349,-85.788,0.0,0.0,0.0,21.0
30.349,-85.788,0.0,0.0,0.0,21.0
30.349,-85.788,21.7,160.0,3.6,21.0
30.349,-85.788,21.7,160.0,4.1,21.0
30.349,-85.788,21.7,160.0,4.1,21.0
30.349,-85.788,21.7,170.0,5.1,21.0
30.349,-85.788,21.7,160.0,3.6,21.0
30.349,-85.788,21.7,160.0,2.6,21.0
30.349,-85.788,21.7,150.0,3.1,21.0
30.349,-85.788,21.1,140.0,2.6,21.0
30.349,-85.788,0.0,150.0,3.1,21.0
30.349,-85.788,21.1,150.0,3.1,21.0
30.349,-85.788,21.1,140.0,2.6,21.0
30.349,-85.788,22.0,160.0,3.6,21.0
30.349,-85.788,21.7,170.0,3.1,21.0
30.349,-85.788,21.7,170.0,4.1,21.0
30.349,-85.788,22.8,170.0,4.6,21.0
30.349,-85.788,22.8,160.0,5.1,21.0
30.349,-85.788,22.8,170.0,4.6,21.0
30.349,-85.788,23.3,170.0,4.6,21.0
30.349,-85.788,24.0,180.0,4.6,21.0
30.349,-85.788,23.9,180.0,5.7,21.0
30.349,-85.788,24.4,170.0,4.1,21.0
30.349,-85.788,24.4,0.0,0.0,21.0
30.349,-85.788,24.4,180.0,4.6,21.0
30.349,-85.788,24.0,190.0,4.6,21.0
30.349,-85.788,24.4,180.0,5.1,21.0
30.349,-85.788,24.0,190.0,2.1,21.0
30.349,-85.788,23.9,190.0,2.1,21.0
30.349,-85.788,23.9,200.0,2.6,21.0
30.349,-85.788,23.3,170.0,2.6,21.0
30.349,-85.788,23.3,190.0,2.6,21.0
30.349,-85.788,22.8,180.0,2.1,21.0
30.349,-85.788,22.2,180.0,2.1,21.0
30.349,-85.788,21.7,140.0,2.1,21.0
30.349,-85.788,21.7,180.0,1.5,21.0
30.349,-85.788,21.0,190.0,1.5,21.0
30.349,-85.788,21.1,200.0,1.5,21.0
30.349,-85.788,21.1,220.0,1.5,21.0
30.349,-85.788,21.1,230.0,2.1,21.0
30.349,-85.788,21.1,160.0,2.1,21.0
30.349,-85.788,20.0,120.0,2.1,21.0
30.349,-85.788,19.4,0.0,0.0,21.0
30.349,-85.788,18.9,0.0,0.0,21.0
30.349,-85.788,18.0,290.0,1.5,21.0
30.349,-85.788,18.3,0.0,0.0,21.0
30.349,-85.788,17.8,0.0,0.0,21.0
30.349,-85.788,18.3,110.0,2.1,21.0
30.349,-85.788,18.3,0.0,0.0,21.0
30.349,-85.788,18.9,0.0,0.0,21.0
30.349,-85.788,18.9,0.0,0.0,21.0
30.349,-85.788,18.9,0.0,0.0,21.0
30.349,-85.788,18.9,0.0,0.0,21.0
30.349,-85.788,20.0,130.0,1.5,21.0
30.349,-85.788,0.0,0.0,0.0,21.0
30.349,-85.788,20.6,140.0,3.1,21.0
30.349,-85.788,20.0,130.0,2.1,21.0
30.349,-85.788,20.0,0.0,0.0,21.0
30.349,-85.788,20.0,0.0,0.0,21.0
30.349,-85.788,20.0,0.0,0.0,21.0
30.349,-85.788,20.0,130.0,1.5,21.0
30.349,-85.788,20.0,0.0,0.0,21.0
30.349,-85.788,20.0,0.0,0.0,21.0
30.349,-85.788,20.0,120.0,1.5,21.0
30.349,-85.788,20.0,110.0,1.5,21.0
30.349,-85.788,20.0,110.0,2.1,21.0
30.349,-85.788,20.0,0.0,0.0,21.0
30.349,-85.788,20.0,0.0,0.0,21.0
30.349,-85.788,20.0,100.0,1.5,21.0
30.349,-85.788,20.0,110.0,1.5,21.0
30.349,-85.788,20.0,120.0,1.5,21.0
30.349,-85.788,19.0,80.0,2.1,21.0
30.349,-85.788,19.4,80.0,2.1,21.0
30.349,-85.788,19.4,90.0,2.1,21.0
30.349,-85.788,19.4,80.0,2.6,21.0
30.349,-85.788,19.0,90.0,2.1,21.0
30.349,-85.788,19.4,90.0,2.1,21.0
30.349,-85.788,19.4,80.0,2.1,21.0
30.349,-85.788,19.4,90.0,2.1,21.0
30.349,-85.788,19.4,0.0,0.0,21.0
30.349,-85.788,19.4,0.0,0.0,21.0
30.349,-85.788,19.4,100.0,3.1,21.0
30.349,-85.788,20.0,110.0,3.6,21.0
30.349,-85.788,20.0,120.0,3.1,21.0
30.349,-85.788,20.0,0.0,0.0,21.0
30.349,-85.788,20.0,100.0,2.6,21.0
30.349,-85.788,20.0,120.0,3.1,21.0
30.349,-85.788,20.6,140.0,3.1,21.0
30.349,-85.788,20.6,120.0,4.6,21.0
30.349,-85.788,21.1,130.0,4.6,21.0
30.349,-85.788,22.2,120.0,3.1,21.0
30.349,-85.788,22.2,140.0,4.1,21.0
30.349,-85.788,23.0,150.0,4.1,21.0
30.349,-85.788,22.8,140.0,4.1,21.0
30.349,-85.788,22.8,150.0,5.1,21.0
30.349,-85.788,22.0,150.0,4.6,21.0
30.349,-85.788,22.2,150.0,4.1,21.0
30.349,-85.788,21.7,150.0,3.1,21.0
30.349,-85.788,20.6,140.0,3.6,21.0
30.349,-85.788,20.6,150.0,3.6,21.0
30.349,-85.788,20.6,160.0,3.1,21.0
30.349,-85.788,18.9,170.0,3.1,21.0
30.349,-85.788,19.0,180.0,3.6,21.0
30.349,-85.788,18.9,170.0,3.6,21.0
30.349,-85.788,18.9,140.0,1.5,21.0
30.349,-85.788,18.9,130.0,2.6,21.0
30.349,-85.788,19.0,140.0,2.1,21.0
30.349,-85.788,19.4,150.0,2.1,21.0
30.349,-85.788,19.4,130.0,3.1,21.0
30.349,-85.788,19.4,120.0,3.1,21.0
30.349,-85.788,19.4,150.0,3.1,21.0
30.349,-85.788,18.9,150.0,2.6,21.0
30.349,-85.788,18.9,160.0,3.1,21.0
30.349,-85.788,18.9,160.0,2.1,21.0
30.349,-85.788,18.9,130.0,4.1,21.0
30.349,-85.788,18.9,130.0,4.1,21.0
30.349,-85.788,0.0,0.0,0.0,21.0
30.349,-85.788,18.9,120.0,2.6,21.0
30.349,-85.788,18.9,110.0,2.6,21.0
30.349,-85.788,18.9,90.0,2.1,21.0
30.349,-85.788,18.9,100.0,1.5,21.0
30.349,-85.788,18.9,90.0,1.5,21.0
30.349,-85.788,19.4,110.0,2.1,21.0
30.349,-85.788,20.6,130.0,3.6,21.0
30.349,-85.788,20.6,150.0,3.1,21.0
30.349,-85.788,21.1,170.0,4.6,21.0
30.349,-85.788,20.6,220.0,6.7,21.0
30.349,-85.788,20.0,190.0,4.1,21.0
30.349,-85.788,19.4,180.0,3.1,21.0
30.349,-85.788,19.4,200.0,1.5,21.0
30.349,-85.788,19.4,220.0,1.5,21.0
30.349,-85.788,20.0,240.0,2.1,21.0
30.349,-85.788,20.0,220.0,2.1,21.0
30.349,-85.788,21.7,260.0,1.5,21.0
30.349,-85.788,22.2,0.0,0.0,21.0
30.349,-85.788,22.8,0.0,0.0,21.0
30.349,-85.788,24.0,270.0,1.5,21.0
30.349,-85.788,23.3,270.0,1.5,21.0
30.349,-85.788,23.3,220.0,3.1,21.0
30.349,-85.788,23.9,180.0,2.6,21.0
30.349,-85.788,23.3,150.0,3.6,21.0
30.349,-85.788,23.3,140.0,3.6,21.0
30.349,-85.788,22.8,150.0,3.1,21.0
30.349,-85.788,21.7,140.0,5.1,21.0
30.349,-85.788,21.7,170.0,4.1,21.0
30.349,-85.788,21.1,100.0,2.1,21.0
30.349,-85.788,21.1,100.0,2.1,21.0
30.349,-85.788,21.0,230.0,2.1,21.0
30.349,-85.788,20.6,220.0,2.1,21.0
30.349,-85.788,20.6,90.0,1.5,21.0
30.349,-85.788,20.6,260.0,2.6,21.0
30.349,-85.788,20.0,0.0,0.0,21.0
30.349,-85.788,20.0,130.0,2.6,21.0
30.349,-85.788,20.0,130.0,2.6,21.0
30.349,-85.788,20.6,130.0,3.6,21.0
30.349,-85.788,22.0,150.0,6.2,21.0
30.349,-85.788,21.7,150.0,6.7,21.0
30.349,-85.788,0.0,0.0,0.0,21.0
30.349,-85.788,22.2,150.0,7.2,21.0
30.349,-85.788,22.2,160.0,6.7,21.0
30.349,-85.788,22.2,160.0,7.7,21.0
30.349,-85.788,22.2,150.0,7.7,21.0
30.349,-85.788,22.2,150.0,7.7,21.0
30.349,-85.788,22.2,160.0,9.8,21.0
30.349,-85.788,22.2,150.0,8.2,21.0
30.349,-85.788,21.7,240.0,10.8,21.0
30.349,-85.788,19.4,230.0,7.2,21.0
30.349,-85.788,19.4,230.0,5.1,21.0
30.349,-85.788,19.4,240.0,5.1,21.0
30.349,-85.788,19.0,260.0,3.6,21.0
30.349,-85.788,18.9,260.0,4.6,21.0
30.349,-85.788,18.9,260.0,4.1,21.0
30.349,-85.788,18.3,190.0,2.1,21.0
30.349,-85.788,18.3,220.0,2.6,21.0
30.349,-85.788,18.3,230.0,3.1,21.0
30.349,-85.788,18.0,220.0,4.1,21.0
30.349,-85.788,17.8,220.0,3.1,21.0
30.349,-85.788,18.0,220.0,3.6,21.0
30.349,-85.788,17.8,210.0,4.1,21.0
30.349,-85.788,17.2,230.0,5.7,21.0
30.349,-85.788,16.7,220.0,5.1,21.0
30.349,-85.788,16.7,230.0,6.2,21.0
30.349,-85.788,16.1,230.0,8.8,21.0
30.349,-85.788,16.7,220.0,7.7,21.0
30.349,-85.788,16.7,230.0,7.7,21.0
30.349,-85.788,16.7,210.0,7.2,21.0
30.349,-85.788,15.6,230.0,7.7,21.0
30.349,-85.788,13.9,230.0,5.7,21.0
30.349,-85.788,13.3,230.0,4.1,21.0
30.349,-85.788,13.3,230.0,4.1,21.0
30.349,-85.788,13.9,230.0,3.6,21.0
30.349,-85.788,13.9,250.0,3.1,21.0
30.349,-85.788,11.7,250.0,2.6,21.0
30.349,-85.788,11.1,290.0,5.7,21.0
30.349,-85.788,9.4,300.0,4.1,21.0
30.349,-85.788,0.0,0.0,0.0,21.0
30.349,-85.788,8.9,290.0,3.1,21.0
30.349,-85.788,8.3,270.0,3.1,21.0
30.349,-85.788,8.0,280.0,3.1,21.0
30.349,-85.788,8.3,280.0,3.6,21.0
30.349,-85.788,7.8,290.0,3.6,21.0
30.349,-85.788,8.3,290.0,3.1,21.0
30.349,-85.788,8.3,290.0,4.1,21.0
30.349,-85.788,8.9,300.0,6.2,21.0
30.349,-85.788,8.3,290.0,4.1,21.0
30.349,-85.788,8.9,280.0,2.6,21.0
30.349,-85.788,9.4,290.0,3.6,21.0
30.349,-85.788,9.4,310.0,5.1,21.0
30.349,-85.788,11.1,310.0,4.1,21.0
30.349,-85.788,12.2,350.0,5.1,21.0
30.349,-85.788,12.8,320.0,3.6,21.0
30.349,-85.788,14.4,300.0,4.6,21.0
30.349,-85.788,15.6,320.0,4.1,21.0
30.349,-85.788,17.2,290.0,4.1,21.0
30.349,-85.788,17.2,310.0,6.2,21.0
30.349,-85.788,16.7,300.0,4.6,21.0
30.349,-85.788,14.4,300.0,2.6,21.0
30.349,-85.788,12.8,0.0,0.0,21.0
30.349,-85.788,10.6,0.0,0.0,21.0
30.349,-85.788,9.4,0.0,0.0,21.0
30.349,-85.788,8.3,0.0,0.0,21.0
30.349,-85.788,8.3,0.0,0.0,21.0
30.349,-85.788,6.7,300.0,2.6,21.0
30.349,-85.788,7.8,320.0,4.1,21.0
30.349,-85.788,0.0,0.0,0.0,21.0
30.349,-85.788,7.8,280.0,1.5,21.0
30.349,-85.788,7.8,310.0,1.5,21.0
30.349,-85.788,6.7,0.0,0.0,21.0
30.349,-85.788,5.6,0.0,0.0,21.0
30.349,-85.788,5.0,310.0,1.5,21.0
30.349,-85.788,5.0,310.0,2.1,21.0
30.349,-85.788,5.0,0.0,0.0,21.0
30.349,-85.788,8.9,0.0,0.0,21.0
30.349,-85.788,12.8,0.0,0.0,21.0
30.349,-85.788,16.1,340.0,1.5,21.0
30.349,-85.788,17.8,0.0,0.0,21.0
30.349,-85.788,20.0,10.0,2.1,21.0
30.349,-85.788,21.1,0.0,1.5,21.0
30.349,-85.788,22.2,20.0,1.5,21.0
30.349,-85.788,20.6,160.0,3.1,21.0
30.349,-85.788,19.4,230.0,2.6,21.0
30.349,-85.788,17.2,230.0,2.1,21.0
30.349,-85.788,14.4,0.0,0.0,21.0
30.349,-85.788,12.2,0.0,0.0,21.0
30.349,-85.788,11.1,0.0,0.0,21.0
30.349,-85.788,10.0,0.0,0.0,21.0
30.349,-85.788,8.9,0.0,0.0,21.0
30.349,-85.788,8.3,0.0,0.0,21.0
30.349,-85.788,7.8,0.0,0.0,21.0
30.349,-85.788,0.0,0.0,0.0,21.0
30.349,-85.788,7.8,0.0,0.0,21.0
30.349,-85.788,7.2,0.0,0.0,21.0
30.349,-85.788,7.2,0.0,0.0,21.0
30.349,-85.788,6.1,310.0,2.1,21.0
30.349,-85.788,6.1,0.0,0.0,21.0
30.349,-85.788,6.1,0.0,0.0,21.0
30.349,-85.788,6.1,0.0,0.0,21.0
30.349,-85.788,10.6,0.0,0.0,21.0
30.349,-85.788,13.3,100.0,1.5,21.0
30.349,-85.788,17.2,110.0,3.6,21.0
30.349,-85.788,19.4,130.0,4.1,21.0
30.349,-85.788,20.0,140.0,4.1,21.0
30.349,-85.788,20.6,140.0,3.6,21.0
30.349,-85.788,20.6,160.0,4.1,21.0
30.349,-85.788,20.0,150.0,3.1,21.0
30.349,-85.788,18.9,0.0,0.0,21.0
30.349,-85.788,16.7,200.0,2.6,21.0
30.349,-85.788,14.4,0.0,0.0,21.0
30.349,-85.788,12.8,0.0,0.0,21.0
30.349,-85.788,12.2,0.0,0.0,21.0
30.349,-85.788,11.7,0.0,0.0,21.0
30.349,-85.788,11.7,0.0,0.0,21.0
30.349,-85.788,12.0,0.0,0.0,21.0
30.349,-85.788,11.7,0.0,0.0,21.0
30.349,-85.788,11.1,110.0,1.5,21.0
30.349,-85.788,11.1,0.0,0.0,21.0
30.349,-85.788,11.7,0.0,0.0,21.0
30.349,-85.788,11.7,0.0,0.0,21.0
30.349,-85.788,11.0,0.0,0.0,21.0
30.349,-85.788,11.1,0.0,0.0,21.0
30.349,-85.788,10.0,0.0,0.0,21.0
30.349,-85.788,11.1,0.0,0.0,21.0
30.349,-85.788,10.6,0.0,0.0,21.0
30.349,-85.788,10.6,0.0,0.0,21.0
30.349,-85.788,10.6,0.0,0.0,21.0
30.349,-85.788,10.6,310.0,1.5,21.0
30.349,-85.788,10.6,0.0,0.0,21.0
30.349,-85.788,10.6,0.0,0.0,21.0
30.349,-85.788,10.6,0.0,0.0,21.0
30.349,-85.788,10.6,0.0,0.0,21.0
30.349,-85.788,10.6,0.0,0.0,21.0
30.349,-85.788,10.6,0.0,0.0,21.0
30.349,-85.788,0.0,0.0,0.0,21.0
30.349,-85.788,11.1,0.0,0.0,21.0
30.349,-85.788,11.1,0.0,0.0,21.0
30.349,-85.788,11.1,0.0,0.0,21.0
30.349,-85.788,11.0,0.0,0.0,21.0
30.349,-85.788,11.1,0.0,0.0,21.0
30.349,-85.788,11.1,320.0,1.5,21.0
30.349,-85.788,11.1,0.0,0.0,21.0
30.349,-85.788,11.1,0.0,0.0,21.0
30.349,-85.788,11.1,0.0,0.0,21.0
30.349,-85.788,11.0,0.0,0.0,21.0
30.349,-85.788,11.1,0.0,0.0,21.0
30.349,-85.788,11.1,310.0,3.1,21.0
30.349,-85.788,11.7,320.0,2.6,21.0
30.349,-85.788,12.2,0.0,0.0,21.0
30.349,-85.788,12.2,0.0,0.0,21.0
30.349,-85.788,12.2,0.0,0.0,21.0
30.349,-85.788,12.0,0.0,0.0,21.0
30.349,-85.788,12.2,0.0,0.0,21.0
30.349,-85.788,11.7,0.0,0.0,21.0
30.349,-85.788,11.1,120.0,1.5,21.0
30.349,-85.788,11.7,0.0,0.0,21.0
30.349,-85.788,11.7,0.0,0.0,21.0
30.349,-85.788,11.7,0.0,0.0,21.0
30.349,-85.788,12.8,0.0,0.0,21.0
30.349,-85.788,13.3,0.0,0.0,21.0
30.349,-85.788,14.0,0.0,0.0,21.0
30.349,-85.788,13.9,0.0,0.0,21.0
30.349,-85.788,15.0,0.0,0.0,21.0
30.349,-85.788,15.0,0.0,0.0,21.0
30.349,-85.788,16.7,180.0,1.5,21.0
30.349,-85.788,19.4,220.0,2.6,21.0
30.349,-85.788,20.0,220.0,3.6,21.0
30.349,-85.788,21.1,230.0,3.6,21.0
30.349,-85.788,20.6,230.0,3.1,21.0
30.349,-85.788,21.0,220.0,5.1,21.0
30.349,-85.788,21.1,220.0,4.6,21.0
30.349,-85.788,20.0,230.0,4.6,21.0
30.349,-85.788,20.0,220.0,5.1,21.0
30.349,-85.788,18.3,210.0,2.6,21.0
30.349,-85.788,16.7,0.0,0.0,21.0
30.349,-85.788,15.0,0.0,0.0,21.0
30.349,-85.788,15.6,210.0,1.5,21.0
30.349,-85.788,13.9,0.0,0.0,21.0
30.349,-85.788,14.0,0.0,0.0,21.0
30.349,-85.788,13.9,0.0,0.0,21.0
30.349,-85.788,14.4,0.0,0.0,21.0
30.349,-85.788,13.3,0.0,0.0,21.0
30.349,-85.788,13.9,0.0,0.0,21.0
30.349,-85.788,14.4,0.0,0.0,21.0
30.349,-85.788,14.4,0.0,0.0,21.0
30.349,-85.788,14.0,0.0,0.0,21.0
30.349,-85.788,13.9,0.0,0.0,21.0
30.349,-85.788,14.4,250.0,1.5,21.0
30.349,-85.788,15.6,270.0,2.6,21.0
30.349,-85.788,15.6,270.0,2.6,21.0
30.349,-85.788,16.0,280.0,3.1,21.0
30.349,-85.788,16.1,270.0,3.1,21.0
30.349,-85.788,0.0,0.0,0.0,21.0
30.349,-85.788,16.1,270.0,3.1,21.0
30.349,-85.788,16.1,280.0,3.1,21.0
30.349,-85.788,15.6,280.0,2.6,21.0
30.349,-85.788,15.0,250.0,2.1,21.0
30.349,-85.788,13.9,310.0,3.1,21.0
30.349,-85.788,12.2,310.0,3.1,21.0
30.349,-85.788,12.2,320.0,5.1,21.0
30.349,-85.788,12.2,320.0,6.7,21.0
30.349,-85.788,11.7,330.0,5.7,21.0
30.349,-85.788,11.1,320.0,5.7,21.0
30.349,-85.788,11.7,330.0,5.7,21.0
30.349,-85.788,12.8,350.0,6.7,21.0
30.349,-85.788,13.9,330.0,7.2,21.0
30.349,-85.788,15.0,320.0,7.7,21.0
30.349,-85.788,15.6,320.0,7.2,21.0
30.349,-85.788,15.6,310.0,7.7,21.0
30.349,-85.788,16.1,300.0,7.2,21.0
30.349,-85.788,16.7,330.0,5.1,21.0
30.349,-85.788,15.6,300.0,5.1,21.0
30.349,-85.788,12.8,300.0,4.1,21.0
30.349,-85.788,10.0,310.0,3.1,21.0
30.349,-85.788,8.9,310.0,3.1,21.0
30.349,-85.788,7.8,300.0,3.6,21.0
30.349,-85.788,6.7,310.0,3.6,21.0
30.349,-85.788,7.2,310.0,4.1,21.0
30.349,-85.788,6.7,300.0,3.6,21.0
30.349,-85.788,5.6,300.0,3.6,21.0
30.349,-85.788,0.0,0.0,0.0,21.0
30.349,-85.788,3.9,310.0,2.6,21.0
30.349,-85.788,3.9,300.0,2.6,21.0
30.349,-85.788,2.8,300.0,3.6,21.0
30.349,-85.788,2.8,310.0,3.1,21.0
30.349,-85.788,3.3,320.0,3.6,21.0
30.349,-85.788,3.3,340.0,3.1,21.0
30.349,-85.788,2.2,310.0,3.1,21.0
30.349,-85.788,5.0,320.0,3.6,21.0
30.349,-85.788,7.2,340.0,6.2,21.0
30.349,-85.788,9.4,330.0,6.2,21.0
30.349,-85.788,11.1,320.0,4.1,21.0
30.349,-85.788,12.8,340.0,6.2,21.0
30.349,-85.788,13.9,340.0,5.1,21.0
30.349,-85.788,14.4,320.0,6.2,21.0
30.349,-85.788,15.0,310.0,4.6,21.0
30.349,-85.788,13.9,330.0,5.1,21.0
30.349,-85.788,12.2,320.0,3.1,21.0
30.349,-85.788,7.8,300.0,2.6,21.0
30.349,-85.788,6.1,310.0,2.1,21.0
30.349,-85.788,5.0,330.0,2.1,21.0
30.349,-85.788,6.7,340.0,2.6,21.0
30.349,-85.788,6.1,360.0,2.6,21.0
30.349,-85.788,6.1,350.0,3.6,21.0
30.349,-85.788,5.6,360.0,3.1,21.0
30.349,-85.788,0.0,0.0,0.0,21.0
30.349,-85.788,5.0,360.0,3.1,21.0
30.349,-85.788,4.4,360.0,3.1,21.0
30.349,-85.788,3.9,360.0,2.6,21.0
30.349,-85.788,3.3,360.0,2.6,21.0
30.349,-85.788,3.3,10.0,2.6,21.0
30.349,-85.788,2.2,10.0,1.5,21.0
30.349,-85.788,2.8,10.0,2.6,21.0
30.349,-85.788,5.0,40.0,2.6,21.0
30.349,-85.788,8.3,70.0,2.1,21.0
30.349,-85.788,11.1,90.0,3.6,21.0
30.349,-85.788,12.8,40.0,3.6,21.0
30.349,-85.788,14.4,70.0,3.1,21.0
30.349,-85.788,14.4,30.0,1.5,21.0
30.349,-85.788,16.1,300.0,1.5,21.0
30.349,-85.788,16.7,30.0,2.1,21.0
30.349,-85.788,16.7,40.0,2.1,21.0
30.349,-85.788,13.9,0.0,0.0,21.0
30.349,-85.788,8.9,0.0,0.0,21.0
30.349,-85.788,7.2,0.0,0.0,21.0
30.349,-85.788,6.7,30.0,1.5,21.0
30.349,-85.788,6.7,0.0,0.0,21.0
30.349,-85.788,6.7,0.0,0.0,21.0
30.349,-85.788,7.8,0.0,0.0,21.0
30.349,-85.788,6.1,0.0,0.0,21.0
30.349,-85.788,0.0,0.0,0.0,21.0
30.349,-85.788,7.8,50.0,2.6,21.0
30.349,-85.788,7.8,0.0,0.0,21.0
30.349,-85.788,7.8,60.0,3.1,21.0
30.349,-85.788,9.4,60.0,4.1,21.0
30.349,-85.788,9.4,70.0,3.6,21.0
30.349,-85.788,9.4,60.0,3.1,21.0
30.349,-85.788,10.0,70.0,3.6,21.0
30.349,-85.788,10.0,70.0,2.6,21.0
30.349,-85.788,11.7,80.0,3.6,21.0
30.349,-85.788,13.9,80.0,3.6,21.0
30.349,-85.788,16.1,90.0,4.6,21.0
30.349,-85.788,17.2,100.0,5.7,21.0
30.349,-85.788,18.3,120.0,6.2,21.0
30.349,-85.788,19.4,130.0,5.7,21.0
30.349,-85.788,20.0,140.0,6.2,21.0
30.349,-85.788,19.4,130.0,6.2,21.0
30.349,-85.788,19.0,120.0,5.7,21.0
30.349,-85.788,19.4,130.0,7.2,21.0
30.349,-85.788,18.9,120.0,5.7,21.0
30.349,-85.788,18.9,130.0,6.2,21.0
30.349,-85.788,18.9,130.0,5.7,21.0
30.349,-85.788,18.9,120.0,4.6,21.0
30.349,-85.788,18.9,140.0,4.1,21.0
30.349,-85.788,18.9,130.0,5.7,21.0
30.349,-85.788,18.9,140.0,5.1,21.0
30.349,-85.788,18.3,140.0,5.1,21.0
30.349,-85.788,18.3,140.0,5.1,21.0
30.349,-85.788,18.3,140.0,5.1,21.0
30.349,-85.788,18.3,140.0,6.2,21.0
30.349,-85.788,18.3,150.0,5.1,21.0
30.349,-85.788,18.3,140.0,5.1,21.0
30.349,-85.788,19.0,150.0,4.6,21.0
30.349,-85.788,18.9,140.0,4.6,21.0
30.349,-85.788,19.4,150.0,4.6,21.0
30.349,-85.788,20.0,160.0,6.7,21.0
30.349,-85.788,20.0,160.0,6.2,21.0
30.349,-85.788,0.0,0.0,0.0,21.0
30.349,-85.788,20.0,170.0,5.7,21.0
30.349,-85.788,20.0,170.0,6.2,21.0
30.349,-85.788,20.0,180.0,6.2,21.0
30.349,-85.788,20.0,170.0,6.2,21.0
30.349,-85.788,19.4,180.0,5.7,21.0
30.349,-85.788,18.9,210.0,6.2,21.0
30.349,-85.788,18.9,210.0,6.7,21.0
30.349,-85.788,18.3,220.0,6.2,21.0
30.349,-85.788,18.0,210.0,4.6,21.0
30.349,-85.788,18.3,210.0,4.6,21.0
30.349,-85.788,17.8,220.0,2.6,21.0
30.349,-85.788,17.8,240.0,2.6,21.0
30.349,-85.788,17.8,260.0,2.1,21.0
30.349,-85.788,17.8,250.0,4.1,21.0
30.349,-85.788,17.0,240.0,5.1,21.0
30.349,-85.788,17.2,240.0,5.1,21.0
30.349,-85.788,16.7,230.0,3.1,21.0
30.349,-85.788,16.1,250.0,2.6,21.0
30.349,-85.788,15.0,260.0,2.6,21.0
30.349,-85.788,15.0,290.0,3.6,21.0
30.349,-85.788,15.0,260.0,2.6,21.0
30.349,-85.788,15.6,270.0,3.6,21.0
30.349,-85.788,15.0,280.0,2.6,21.0
30.349,-85.788,15.6,260.0,1.5,21.0
30.349,-85.788,16.7,280.0,3.1,21.0
30.349,-85.788,17.2,260.0,1.5,21.0
30.349,-85.788,18.3,280.0,4.1,21.0
30.349,-85.788,19.4,300.0,5.1,21.0
30.349,-85.788,20.0,260.0,5.7,21.0
30.349,-85.788,20.0,260.0,4.6,21.0
30.349,-85.788,20.0,250.0,5.1,21.0
30.349,-85.788,19.4,300.0,5.1,21.0
30.349,-85.788,17.8,300.0,5.1,21.0
30.349,-85.788,12.8,300.0,7.7,21.0
30.349,-85.788,10.6,310.0,5.7,21.0
-29.917,-71.2,15.5,280.0,4.6,146.0
-29.916,-71.2,16.0,280.0,4.6,147.0
-29.916,-71.2,15.0,270.0,3.1,147.0
-29.916,-71.2,15.0,0.0,0.0,147.0
-29.917,-71.2,14.4,0.0,0.0,146.0
-29.916,-71.2,14.0,0.0,0.0,147.0
-29.916,-71.2,14.0,0.0,0.0,147.0
-29.916,-71.2,14.0,0.0,0.0,147.0
-29.917,-71.2,14.0,0.0,0.0,146.0
-29.916,-71.2,14.0,0.0,0.0,147.0
-29.916,-71.2,14.0,0.0,0.0,147.0
-29.916,-71.2,14.0,0.0,0.0,147.0
-29.917,-71.2,14.2,0.0,0.0,146.0
-29.916,-71.2,14.0,0.0,0.0,147.0
-29.916,-71.2,14.0,0.0,0.0,147.0
-29.916,-71.2,15.0,0.0,0.0,147.0
-29.917,-71.2,15.3,170.0,2.1,146.0
-29.916,-71.2,15.0,170.0,2.1,147.0
-29.916,-71.2,17.0,310.0,2.1,147.0
-29.916,-71.2,19.0,280.0,4.6,147.0
-29.917,-71.2,19.1,290.0,5.1,146.0
-29.916,-71.2,19.0,290.0,5.1,147.0
-29.916,-71.2,18.0,290.0,6.7,147.0
-29.916,-71.2,19.0,290.0,6.2,147.0
-29.917,-71.2,19.9,290.0,6.7,146.0
-29.916,-71.2,20.0,290.0,6.7,147.0
-29.916,-71.2,21.0,290.0,6.7,147.0
-29.916,-71.2,20.0,280.0,6.7,147.0
-29.917,-71.2,19.3,290.0,6.7,146.0
-29.916,-71.2,19.0,290.0,6.7,147.0
-29.916,-71.2,18.0,310.0,5.7,147.0
-29.916,-71.2,17.0,300.0,5.1,147.0
-29.917,-71.2,15.6,320.0,4.1,146.0
-29.916,-71.2,16.0,320.0,4.1,147.0
-29.916,-71.2,15.0,300.0,3.1,147.0
-29.916,-71.2,15.0,290.0,3.1,147.0
-29.917,-71.2,15.3,280.0,1.5,146.0
-29.916,-71.2,15.0,280.0,1.5,147.0
-29.916,-71.2,15.0,240.0,2.1,147.0
-29.916,-71.2,15.0,0.0,0.5,147.0
-29.917,-71.2,14.7,120.0,2.1,146.0
-29.916,-71.2,15.0,120.0,2.1,147.0
-29.916,-71.2,14.0,0.0,0.5,147.0
-29.916,-71.2,14.0,340.0,2.1,147.0
-29.917,-71.2,13.5,110.0,1.5,146.0
-29.916,-71.2,14.0,110.0,1.5,147.0
-29.916,-71.2,14.0,0.0,0.0,147.0
-29.916,-71.2,15.0,300.0,3.1,147.0
-29.917,-71.2,16.4,280.0,3.1,146.0
-29.916,-71.2,16.0,280.0,3.1,147.0
-29.916,-71.2,16.0,270.0,3.6,147.0
-29.916,-71.2,17.0,310.0,4.6,147.0
-29.917,-71.2,17.9,280.0,5.7,146.0
-29.916,-71.2,18.0,280.0,5.7,147.0
-29.916,-71.2,19.0,280.0,7.2,147.0
-29.916,-71.2,19.0,290.0,6.2,147.0
-29.917,-71.2,20.6,290.0,6.2,146.0
-29.916,-71.2,21.0,290.0,6.2,147.0
-29.916,-71.2,20.0,300.0,6.2,147.0
-29.916,-71.2,20.0,290.0,6.7,147.0
-29.917,-71.2,19.2,290.0,6.7,146.0
-29.916,-71.2,19.0,290.0,6.7,147.0
-29.916,-71.2,19.0,290.0,6.2,147.0
-29.916,-71.2,18.0,300.0,5.7,147.0
-29.917,-71.2,15.7,310.0,4.6,146.0
-29.916,-71.2,16.0,310.0,4.6,147.0
-29.916,-71.2,15.0,290.0,3.1,147.0
-29.916,-71.2,15.0,300.0,3.1,147.0
-29.917,-71.2,14.2,280.0,2.6,146.0
-29.916,-71.2,14.0,280.0,2.6,147.0
-29.916,-71.2,14.0,240.0,1.0,147.0
-29.916,-71.2,14.0,130.0,1.0,147.0
-29.917,-71.2,14.0,110.0,1.0,146.0
-29.916,-71.2,14.0,110.0,1.0,147.0
-29.916,-71.2,14.0,340.0,1.0,147.0
-29.916,-71.2,14.0,350.0,1.0,147.0
-29.917,-71.2,12.9,140.0,1.5,146.0
-29.916,-71.2,13.0,140.0,1.5,147.0
-29.916,-71.2,13.0,130.0,1.5,147.0
-29.916,-71.2,14.0,340.0,1.0,147.0
-29.917,-71.2,15.9,250.0,3.6,146.0
-29.916,-71.2,16.0,250.0,3.6,147.0
-29.916,-71.2,18.0,210.0,1.0,147.0
-29.916,-71.2,18.0,250.0,4.6,147.0
-29.917,-71.2,18.6,260.0,4.6,146.0
-29.916,-71.2,19.0,260.0,4.6,147.0
-29.916,-71.2,19.0,270.0,6.7,147.0
-29.916,-71.2,20.0,270.0,5.7,147.0
-29.917,-71.2,19.5,280.0,6.7,146.0
-29.916,-71.2,20.0,280.0,6.7,147.0
-29.916,-71.2,19.0,270.0,4.6,147.0
-29.916,-71.2,20.0,280.0,6.2,147.0
-29.917,-71.2,18.9,290.0,5.7,146.0
-29.916,-71.2,19.0,290.0,5.7,147.0
-29.916,-71.2,18.0,300.0,5.1,147.0
-29.916,-71.2,17.0,290.0,5.1,147.0
-29.917,-71.2,16.6,300.0,3.6,146.0
-29.916,-71.2,17.0,300.0,3.6,147.0
-29.916,-71.2,15.0,310.0,2.6,147.0
-29.916,-71.2,14.0,270.0,2.1,147.0
-29.917,-71.2,14.0,280.0,2.6,146.0
-29.916,-71.2,14.0,280.0,2.6,147.0
-29.916,-71.2,14.0,270.0,2.6,147.0
-29.916,-71.2,14.0,240.0,2.1,147.0
-29.917,-71.2,14.0,90.0,1.0,146.0
-29.916,-71.2,14.0,90.0,1.0,147.0
-29.916,-71.2,14.0,0.0,0.0,147.0
-29.916,-71.2,14.0,0.0,0.0,147.0
-29.917,-71.2,14.2,310.0,2.1,146.0
-29.916,-71.2,14.0,310.0,2.1,147.0
-29.916,-71.2,15.0,230.0,1.5,147.0
-29.916,-71.2,15.0,290.0,1.0,147.0
-29.917,-71.2,15.0,290.0,3.1,146.0
-29.916,-71.2,15.0,290.0,3.1,147.0
-29.916,-71.2,16.0,270.0,2.6,147.0
-29.917,-71.2,16.6,230.0,2.6,146.0
-29.916,-71.2,17.0,230.0,2.6,147.0
-29.916,-71.2,19.0,250.0,4.1,147.0
-29.916,-71.2,20.0,280.0,5.1,147.0
-29.917,-71.2,19.3,290.0,5.7,146.0
-29.916,-71.2,19.0,290.0,5.7,147.0
-29.916,-71.2,20.0,280.0,5.7,147.0
-29.916,-71.2,19.0,270.0,6.2,147.0
-29.917,-71.2,18.7,270.0,5.1,146.0
-29.916,-71.2,19.0,270.0,5.1,147.0
-29.916,-71.2,18.0,270.0,4.6,147.0
-29.916,-71.2,17.0,280.0,4.6,147.0
-29.917,-71.2,16.0,280.0,3.6,146.0
-29.916,-71.2,16.0,280.0,3.6,147.0
-29.916,-71.2,16.0,310.0,2.6,147.0
-29.916,-71.2,15.0,0.0,0.0,147.0
-29.917,-71.2,14.8,270.0,2.1,146.0
-29.916,-71.2,15.0,270.0,2.1,147.0
-29.916,-71.2,15.0,330.0,1.0,147.0
-29.916,-71.2,15.0,0.0,0.0,147.0
-29.917,-71.2,14.1,300.0,1.0,146.0
-29.916,-71.2,14.0,300.0,1.0,147.0
-29.916,-71.2,14.0,0.0,0.0,147.0
-29.916,-71.2,14.0,70.0,1.5,147.0
-29.916,-71.2,13.0,290.0,2.1,147.0
-29.916,-71.2,15.0,280.0,3.1,147.0
-29.917,-71.2,15.4,270.0,3.1,146.0
-29.916,-71.2,15.0,270.0,3.1,147.0
-29.916,-71.2,16.0,280.0,2.6,147.0
-29.916,-71.2,17.0,260.0,3.6,147.0
-29.917,-71.2,17.5,250.0,3.6,146.0
-29.916,-71.2,18.0,250.0,3.6,147.0
-29.916,-71.2,20.0,210.0,2.1,147.0
-29.916,-71.2,22.0,280.0,6.2,147.0
-29.917,-71.2,21.6,290.0,5.1,146.0
-29.916,-71.2,22.0,290.0,5.1,147.0
-29.916,-71.2,21.0,280.0,5.7,147.0
-29.916,-71.2,21.0,280.0,5.7,147.0
-29.917,-71.2,20.7,260.0,5.1,146.0
-29.916,-71.2,21.0,260.0,5.1,147.0
-29.916,-71.2,20.0,280.0,5.1,147.0
-29.916,-71.2,19.0,270.0,4.1,147.0
-29.917,-71.2,17.6,310.0,3.1,146.0
-29.916,-71.2,18.0,310.0,3.1,147.0
-29.916,-71.2,17.0,310.0,2.6,147.0
-29.916,-71.2,17.0,290.0,2.1,147.0
-29.917,-71.2,16.6,250.0,1.5,146.0
-29.916,-71.2,17.0,250.0,1.5,147.0
-29.916,-71.2,16.0,0.0,1.0,147.0
-29.916,-71.2,16.0,270.0,2.1,147.0
-29.917,-71.2,15.3,300.0,2.1,146.0
-29.916,-71.2,15.0,300.0,2.1,147.0
-29.916,-71.2,15.0,300.0,2.1,147.0
-29.916,-71.2,16.0,0.0,0.5,147.0
-29.917,-71.2,15.7,0.0,0.0,146.0
-29.916,-71.2,16.0,0.0,0.0,147.0
-29.916,-71.2,16.0,110.0,1.5,147.0
-29.916,-71.2,16.0,0.0,0.0,147.0
-29.917,-71.2,16.8,90.0,1.5,146.0
-29.916,-71.2,17.0,90.0,1.5,147.0
-29.916,-71.2,19.0,100.0,1.5,147.0
-29.916,-71.2,20.0,270.0,3.6,147.0
-29.917,-71.2,21.8,260.0,4.1,146.0
-29.916,-71.2,22.0,260.0,4.1,147.0
-29.916,-71.2,22.0,270.0,7.2,147.0
-29.916,-71.2,22.0,270.0,7.2,147.0
-29.917,-71.2,22.0,280.0,6.2,146.0
-29.916,-71.2,22.0,280.0,6.2,147.0
-29.916,-71.2,22.0,260.0,5.1,147.0
-29.916,-71.2,22.0,260.0,5.7,147.0
-29.917,-71.2,21.8,270.0,5.1,146.0
-29.916,-71.2,22.0,270.0,5.1,147.0
-29.916,-71.2,21.0,260.0,6.7,147.0
-29.916,-71.2,19.0,290.0,4.1,147.0
-29.917,-71.2,18.1,310.0,3.1,146.0
-29.916,-71.2,18.0,310.0,3.1,147.0
-29.916,-71.2,17.0,290.0,2.1,147.0
-29.916,-71.2,17.0,290.0,2.6,147.0
-29.917,-71.2,15.9,290.0,3.1,146.0
-29.916,-71.2,16.0,290.0,3.1,147.0
-29.916,-71.2,16.0,320.0,2.1,147.0
-29.916,-71.2,16.0,50.0,1.0,147.0
-29.917,-71.2,14.7,120.0,2.6,146.0
-29.916,-71.2,15.0,120.0,2.6,147.0
-29.916,-71.2,15.0,130.0,2.6,147.0
-29.916,-71.2,15.0,120.0,2.6,147.0
-29.917,-71.2,14.3,160.0,1.5,146.0
-29.916,-71.2,14.0,160.0,1.5,147.0
-29.916,-71.2,14.0,130.0,1.0,147.0
-29.916,-71.2,15.0,120.0,1.0,147.0
-29.917,-71.2,17.7,100.0,1.0,146.0
-29.916,-71.2,18.0,100.0,1.0,147.0
-29.916,-71.2,19.0,300.0,3.1,147.0
-29.916,-71.2,20.0,280.0,5.1,147.0
-29.917,-71.2,20.6,280.0,6.2,146.0
-29.916,-71.2,21.0,280.0,6.2,147.0
-29.916,-71.2,21.0,260.0,6.2,147.0
-29.916,-71.2,22.0,260.0,6.7,147.0
-29.917,-71.2,20.8,260.0,6.2,146.0
-29.916,-71.2,21.0,260.0,6.2,147.0
-29.916,-71.2,21.0,260.0,6.2,147.0
-29.916,-71.2,20.0,270.0,6.2,147.0
-29.917,-71.2,18.8,270.0,5.1,146.0
-29.916,-71.2,19.0,270.0,5.1,147.0
-29.916,-71.2,18.0,270.0,4.1,147.0
-29.916,-71.2,18.0,270.0,4.1,147.0
-29.917,-71.2,17.7,290.0,3.6,146.0
-29.916,-71.2,18.0,290.0,3.6,147.0
-29.916,-71.2,17.0,290.0,4.1,147.0
-29.916,-71.2,17.0,310.0,2.1,147.0
-29.917,-71.2,17.3,330.0,1.5,146.0
-29.916,-71.2,17.0,330.0,1.5,147.0
-29.916,-71.2,18.0,270.0,2.1,147.0
-29.916,-71.2,17.0,350.0,1.5,147.0
-29.917,-71.2,17.7,90.0,3.1,146.0
-29.916,-71.2,18.0,90.0,3.1,147.0
-29.916,-71.2,18.0,100.0,1.5,147.0
-29.916,-71.2,17.0,160.0,1.5,147.0
-29.917,-71.2,16.3,160.0,1.5,146.0
-29.916,-71.2,16.0,160.0,1.5,147.0
-29.916,-71.2,16.0,160.0,1.5,147.0
-29.916,-71.2,18.0,0.0,0.0,147.0
-29.917,-71.2,18.1,0.0,0.0,146.0
-29.916,-71.2,18.0,0.0,1.0,147.0
-29.916,-71.2,19.0,320.0,1.5,147.0
-29.916,-71.2,21.0,310.0,4.6,147.0
-29.917,-71.2,21.8,300.0,6.2,146.0
-29.916,-71.2,22.0,300.0,6.2,147.0
-29.916,-71.2,22.0,280.0,6.2,147.0
-29.916,-71.2,22.0,310.0,7.2,147.0
-29.917,-71.2,22.2,290.0,7.2,146.0
-29.916,-71.2,22.0,290.0,7.2,147.0
-29.916,-71.2,22.0,290.0,7.7,147.0
-29.917,-71.2,21.2,290.0,6.7,146.0
-29.916,-71.2,21.0,290.0,6.7,147.0
-29.916,-71.2,21.0,270.0,5.1,147.0
-29.916,-71.2,20.0,270.0,5.1,147.0
-29.917,-71.2,17.3,0.0,0.0,146.0
-29.916,-71.2,17.0,0.0,0.0,147.0
-29.916,-71.2,17.0,0.0,0.0,147.0
-29.916,-71.2,16.0,0.0,0.0,147.0
-29.917,-71.2,16.2,0.0,0.0,146.0
-29.916,-71.2,16.0,0.0,0.0,147.0
-29.916,-71.2,16.0,0.0,0.0,147.0
-29.916,-71.2,15.0,0.0,0.0,147.0
-29.917,-71.2,15.5,0.0,0.0,146.0
-29.916,-71.2,16.0,0.0,0.0,147.0
-29.916,-71.2,16.0,0.0,0.0,147.0
-29.916,-71.2,15.0,0.0,0.0,147.0
-29.917,-71.2,14.4,0.0,0.0,146.0
-29.916,-71.2,14.0,0.0,0.0,147.0
-29.916,-71.2,14.0,0.0,0.0,147.0
-29.916,-71.2,15.0,0.0,0.0,147.0
-29.917,-71.2,17.0,280.0,3.1,146.0
-29.916,-71.2,17.0,280.0,3.1,147.0
-29.916,-71.2,18.0,270.0,4.1,147.0
-29.916,-71.2,19.0,270.0,5.1,147.0
-29.917,-71.2,20.3,300.0,5.7,146.0
-29.916,-71.2,20.0,300.0,5.7,147.0
-29.916,-71.2,21.0,280.0,5.7,147.0
-29.916,-71.2,22.0,290.0,6.2,147.0
-29.917,-71.2,20.8,300.0,7.2,146.0
-29.916,-71.2,21.0,300.0,7.2,147.0
-29.916,-71.2,21.0,290.0,7.7,147.0
-29.916,-71.2,20.0,280.0,7.2,147.0
-29.917,-71.2,20.1,290.0,6.2,146.0
-29.916,-71.2,20.0,290.0,6.2,147.0
-29.916,-71.2,19.0,290.0,3.1,147.0
-29.916,-71.2,17.0,0.0,0.0,147.0
-29.917,-71.2,16.6,280.0,2.1,146.0
-29.916,-71.2,17.0,280.0,2.1,147.0
-29.916,-71.2,16.0,300.0,3.6,147.0
-29.916,-71.2,16.0,320.0,3.1,147.0
-29.917,-71.2,16.0,140.0,1.5,146.0
-29.916,-71.2,16.0,140.0,1.5,147.0
-29.916,-71.2,16.0,0.0,2.1,147.0
-29.916,-71.2,15.0,310.0,1.5,147.0
-29.917,-71.2,14.4,170.0,1.0,146.0
-29.916,-71.2,14.0,170.0,1.0,147.0
-29.916,-71.2,14.0,140.0,1.5,147.0
-29.916,-71.2,15.0,250.0,2.1,147.0
-29.917,-71.2,14.5,320.0,1.5,146.0
-29.916,-71.2,15.0,320.0,1.5,147.0
-29.916,-71.2,14.0,0.0,1.0,147.0
-29.916,-71.2,15.0,0.0,1.0,147.0
-29.917,-71.2,16.5,70.0,1.5,146.0
-29.916,-71.2,17.0,70.0,1.5,147.0
-29.916,-71.2,19.0,270.0,1.5,147.0
-29.916,-71.2,20.0,280.0,4.1,147.0
-29.917,-71.2,19.0,280.0,5.7,146.0
-29.916,-71.2,19.0,280.0,5.7,147.0
-29.916,-71.2,20.0,290.0,6.2,147.0
-29.916,-71.2,21.0,290.0,7.2,147.0
-29.917,-71.2,20.3,300.0,6.7,146.0
-29.916,-71.2,20.0,300.0,6.7,147.0
-29.916,-71.2,20.0,310.0,5.7,147.0
-29.916,-71.2,20.0,290.0,5.7,147.0
-29.917,-71.2,19.5,300.0,5.7,146.0
-29.916,-71.2,20.0,300.0,5.7,147.0
-29.916,-71.2,19.0,300.0,1.5,147.0
-29.916,-71.2,17.0,290.0,2.1,147.0
-29.917,-71.2,15.4,290.0,3.1,146.0
-29.916,-71.2,15.0,290.0,3.1,147.0
-29.916,-71.2,15.0,290.0,3.1,147.0
-29.916,-71.2,15.0,300.0,2.6,147.0
-29.917,-71.2,15.3,320.0,2.1,146.0
-29.916,-71.2,15.0,320.0,2.1,147.0
-29.916,-71.2,15.0,310.0,3.6,147.0
-29.916,-71.2,15.0,330.0,2.6,147.0
-29.917,-71.2,15.4,320.0,2.6,146.0
-29.916,-71.2,15.0,320.0,2.6,147.0
-29.916,-71.2,15.0,300.0,2.6,147.0
-29.916,-71.2,15.0,320.0,1.5,147.0
-29.917,-71.2,15.4,290.0,2.1,146.0
-29.916,-71.2,15.0,290.0,2.1,147.0
-29.916,-71.2,16.0,20.0,1.0,147.0
-29.916,-71.2,16.0,150.0,0.5,147.0
-29.917,-71.2,16.1,40.0,2.1,146.0
-29.916,-71.2,16.0,40.0,2.1,147.0
-29.916,-71.2,17.0,40.0,1.5,147.0
-29.916,-71.2,17.0,280.0,4.6,147.0
-29.917,-71.2,17.9,270.0,4.1,146.0
-29.916,-71.2,18.0,270.0,4.1,147.0
-29.916,-71.2,20.0,250.0,3.6,147.0
-29.916,-71.2,20.0,260.0,4.6,147.0
-29.917,-71.2,20.8,260.0,6.2,146.0
-29.916,-71.2,21.0,260.0,6.2,147.0
-29.916,-71.2,20.0,260.0,7.2,147.0
-29.916,-71.2,20.0,280.0,6.2,147.0
-29.917,-71.2,20.2,270.0,5.1,146.0
-29.916,-71.2,20.0,270.0,5.1,147.0
-29.916,-71.2,19.0,290.0,4.1,147.0
-29.916,-71.2,17.0,280.0,4.6,147.0
-29.917,-71.2,16.1,300.0,4.1,146.0
-29.916,-71.2,16.0,300.0,4.1,147.0
-29.916,-71.2,16.0,310.0,2.6,147.0
-29.916,-71.2,15.0,280.0,2.1,147.0
-29.917,-71.2,14.9,290.0,2.6,146.0
-29.916,-71.2,15.0,290.0,2.6,147.0
-29.916,-71.2,15.0,280.0,1.5,147.0
-29.916,-71.2,15.0,0.0,0.0,147.0
-29.917,-71.2,14.3,290.0,1.0,146.0
-29.916,-71.2,14.0,290.0,1.0,147.0
-29.916,-71.2,14.0,170.0,1.0,147.0
-29.916,-71.2,14.0,330.0,1.5,147.0
-29.917,-71.2,14.3,40.0,1.5,146.0
-29.916,-71.2,14.0,40.0,1.5,147.0
-29.916,-71.2,15.0,100.0,1.0,147.0
-29.916,-71.2,15.0,120.0,3.1,147.0
-29.917,-71.2,16.6,90.0,2.6,146.0
-29.916,-71.2,17.0,90.0,2.6,147.0
-29.916,-71.2,19.0,0.0,0.5,147.0
-29.916,-71.2,21.0,270.0,2.1,147.0
-29.917,-71.2,21.1,280.0,5.7,146.0
-29.916,-71.2,21.0,280.0,5.7,147.0
-29.916,-71.2,21.0,270.0,5.7,147.0
-29.916,-71.2,20.0,280.0,7.2,147.0
-29.917,-71.2,21.2,280.0,6.2,146.0
-29.916,-71.2,21.0,280.0,6.2,147.0
-29.916,-71.2,21.0,280.0,6.7,147.0
-29.916,-71.2,21.0,280.0,5.7,147.0
-29.917,-71.2,20.0,270.0,6.2,146.0
-29.916,-71.2,20.0,270.0,6.2,147.0
-29.916,-71.2,19.0,280.0,5.7,147.0
-29.916,-71.2,18.0,270.0,4.6,147.0
-29.917,-71.2,16.7,320.0,1.5,146.0
-29.916,-71.2,17.0,320.0,1.5,147.0
-29.916,-71.2,16.0,320.0,4.1,147.0
-29.916,-71.2,16.0,290.0,3.1,147.0
-29.917,-71.2,15.9,340.0,2.1,146.0
-29.916,-71.2,16.0,340.0,2.1,147.0
-29.916,-71.2,15.0,300.0,2.6,147.0
-29.916,-71.2,15.0,80.0,2.1,147.0
-29.917,-71.2,15.0,110.0,2.6,146.0
-29.916,-71.2,15.0,110.0,2.6,147.0
-29.916,-71.2,15.0,130.0,3.1,147.0
-29.916,-71.2,14.0,140.0,2.1,147.0
-29.917,-71.2,14.4,80.0,2.6,146.0
-29.916,-71.2,14.0,80.0,2.6,147.0
-29.916,-71.2,14.0,150.0,1.5,147.0
-29.916,-71.2,15.0,110.0,1.5,147.0
-29.917,-71.2,16.9,0.0,0.0,146.0
-29.916,-71.2,17.0,0.0,0.0,147.0
-29.916,-71.2,20.0,300.0,1.5,147.0
-29.916,-71.2,20.0,280.0,2.6,147.0
-29.917,-71.2,20.2,280.0,6.2,146.0
-29.916,-71.2,20.0,280.0,6.2,147.0
-29.916,-71.2,21.0,280.0,5.7,147.0
-29.916,-71.2,21.0,280.0,6.7,147.0
-29.917,-71.2,20.6,280.0,7.2,146.0
-29.916,-71.2,21.0,280.0,7.2,147.0
-29.916,-71.2,22.0,270.0,6.7,147.0
-29.916,-71.2,21.0,270.0,6.2,147.0
-29.917,-71.2,20.8,280.0,6.2,146.0
-29.916,-71.2,21.0,280.0,6.2,147.0
-29.916,-71.2,20.0,280.0,5.1,147.0
-29.916,-71.2,19.0,320.0,4.1,147.0
-29.917,-71.2,17.7,310.0,3.6,146.0
-29.916,-71.2,18.0,310.0,3.6,147.0
