ID,Case Number,Date,Block,IUCR,Primary Type,Description,Location Description,Arrest,Domestic,Beat,District,Ward,Community Area,FBI Code,X Coordinate,Y Coordinate,Year,Updated On,Latitude,Longitude,Location
10140490,HY329907,07/05/2015 11:50:00 PM,050XX N NEWLAND AVE,0820,THEFT,$500 AND UNDER,STREET,false,false,1613,016,41,10,06,1129230,1933315,2015,07/12/2015 12:42:46 PM,41.973309466,-87.800174996,"(41.973309466, -87.800174996)"
10139776,HY329265,07/05/2015 11:30:00 PM,011XX W MORSE AVE,0460,BATTERY,SIMPLE,STREET,false,true,2431,024,49,1,08B,1167370,1946271,2015,07/12/2015 12:42:46 PM,42.008124017,-87.65955018,"(42.008124017, -87.65955018)"
10140270,HY329253,07/05/2015 11:20:00 PM,121XX S FRONT AVE,0486,BATTERY,DOMESTIC BATTERY SIMPLE,STREET,false,true,0532,,9,53,08B,,,2015,07/12/2015 12:42:46 PM,,,
10139885,HY329308,07/05/2015 11:19:00 PM,051XX W DIVISION ST,0610,BURGLARY,FORCIBLE ENTRY,SMALL RETAIL STORE,false,false,1531,015,37,25,05,1141721,1907465,2015,07/12/2015 12:42:46 PM,41.902152027,-87.754883404,"(41.902152027, -87.754883404)"
10140379,HY329556,07/05/2015 11:00:00 PM,012XX W LAKE ST,0930,MOTOR VEHICLE THEFT,THEFT/RECOVERY: AUTOMOBILE,STREET,false,false,1215,012,27,28,07,1168413,1901632,2015,07/12/2015 12:42:46 PM,41.885610142,-87.657008701,"(41.885610142, -87.657008701)"
10140868,HY330421,07/05/2015 10:54:00 PM,118XX S PEORIA ST,1320,CRIMINAL DAMAGE,TO VEHICLE,VEHICLE NON-COMMERCIAL,false,false,0524,005,34,53,14,1172409,1826485,2015,07/12/2015 12:42:46 PM,41.6793109,-87.644545209,"(41.6793109, -87.644545209)"
10139762,HY329232,07/05/2015 10:42:00 PM,026XX W 37TH PL,1020,ARSON,BY FIRE,VACANT LOT/LAND,false,false,0911,009,12,58,09,1159436,1879658,2015,07/12/2015 12:42:46 PM,41.825500607,-87.690578042,"(41.825500607, -87.690578042)"
10139722,HY329228,07/05/2015 10:30:00 PM,016XX S CENTRAL PARK AVE,1811,NARCOTICS,POSS: CANNABIS 30GMS OR LESS,ALLEY,true,false,1021,010,24,29,18,1152687,1891389,2015,07/12/2015 12:42:46 PM,41.857827814,-87.715028789,"(41.857827814, -87.715028789)"
10139774,HY329209,07/05/2015 10:15:00 PM,048XX N ASHLAND AVE,1310,CRIMINAL DAMAGE,TO PROPERTY,APARTMENT,false,false,2032,020,46,3,14,1164821,1932394,2015,07/12/2015 12:42:46 PM,41.970099796,-87.669324377,"(41.970099796, -87.669324377)"
10139697,HY329177,07/05/2015 10:10:00 PM,058XX S ARTESIAN AVE,1320,CRIMINAL DAMAGE,TO VEHICLE,ALLEY,false,false,0824,008,16,63,14,1160997,1865851,2015,07/12/2015 12:42:46 PM,41.787580282,-87.685233078,"(41.787580282, -87.685233078)"