ID,Case Number,Date,Block,IUCR,Primary Type,Description,Location Description,Arrest,Domestic,Beat,District,Ward,Community Area,FBI Code,X Coordinate,Y Coordinate,Year,Updated On,Latitude,Longitude,Location
10140342,HY329728,07/05/2015 10:00:00 PM,050XX W BALMORAL AVE,0820,THEFT,$500 AND UNDER,RESIDENCE PORCH/HALLWAY,false,false,1621,016,45,12,06,1141968,1935401,2015,07/12/2015 12:42:46 PM,41.978806522,-87.753281779,"(41.978806522, -87.753281779)"
10140280,HY329658,07/05/2015 10:00:00 PM,007XX S CALIFORNIA AVE,0810,THEFT,OVER $500,STREET,false,false,1135,011,2,27,06,1157856,1896704,2015,07/12/2015 12:42:46 PM,41.872309009,-87.695910499,"(41.872309009, -87.695910499)"
10139771,HY329216,07/05/2015 10:00:00 PM,077XX S WINCHESTER AVE,0560,ASSAULT,SIMPLE,RESIDENCE PORCH/HALLWAY,false,false,0611,006,18,71,08A,1164744,1853262,2015,07/12/2015 12:42:46 PM,41.752956036,-87.671849368,"(41.752956036, -87.671849368)"
10142577,HY331987,07/05/2015 10:00:00 PM,025XX N NEWCASTLE AVE,0930,MOTOR VEHICLE THEFT,THEFT/RECOVERY: AUTOMOBILE,STREET,true,false,2512,025,36,18,07,1130361,1916262,2015,07/12/2015 12:42:46 PM,41.926494742,-87.79640881,"(41.926494742, -87.79640881)"
10141300,HY330294,07/05/2015 09:30:00 PM,007XX N SAWYER AVE,0486,BATTERY,DOMESTIC BATTERY SIMPLE,RESIDENCE,false,true,1121,,27,23,08B,,,2015,07/12/2015 12:42:46 PM,,,
10139750,HY329183,07/05/2015 09:30:00 PM,0000X E 125TH PL,1320,CRIMINAL DAMAGE,TO VEHICLE,RESIDENCE PORCH/HALLWAY,true,true,0532,005,9,53,14,1178644,1821770,2015,07/12/2015 12:42:46 PM,41.666233171,-87.621865092,"(41.666233171, -87.621865092)"
10139707,HY329179,07/05/2015 09:22:00 PM,067XX S EAST END AVE,1811,NARCOTICS,POSS: CANNABIS 30GMS OR LESS,STREET,true,false,0332,003,5,43,18,1188650,1860808,2015,07/12/2015 12:42:46 PM,41.773125149,-87.5840033,"(41.773125149, -87.5840033)"
10139704,HY329173,07/05/2015 09:00:00 PM,037XX W HURON ST,2017,NARCOTICS,MANU/DELIVER:CRACK,ALLEY,true,false,1112,011,27,23,18,1151339,1904452,2015,07/12/2015 12:42:46 PM,41.893700657,-87.719633956,"(41.893700657, -87.719633956)"
10139674,HY329126,07/05/2015 08:56:00 PM,122XX S STEWART AVE,0486,BATTERY,DOMESTIC BATTERY SIMPLE,STREET,true,true,0523,005,34,53,08B,1175799,1823600,2015,07/12/2015 12:42:46 PM,41.671318966,-87.632222348,"(41.671318966, -87.632222348)"
10139686,HY329098,07/05/2015 08:41:00 PM,089XX S ADA ST,0460,BATTERY,SIMPLE,RESIDENTIAL YARD (FRONT/BACK),true,false,2222,022,21,73,08B,1168943,1845212,2015,07/12/2015 12:42:46 PM,41.730776085,-87.656693629,"(41.730776085, -87.656693629)"