ID,Case Number,Date,Block,IUCR,Primary Type,Description,Location Description,Arrest,Domestic,Beat,District,Ward,Community Area,FBI Code,X Coordinate,Y Coordinate,Year,Updated On,Latitude,Longitude,Location
10139663,HY329093,07/05/2015 08:28:00 PM,005XX E 47TH ST,2024,NARCOTICS,POSS: HEROIN(WHITE),SIDEWALK,true,false,0221,002,3,38,18,1180963,1874022,2015,07/12/2015 12:42:46 PM,41.809565894,-87.611775083,"(41.809565894, -87.611775083)"
10139678,HY329089,07/05/2015 08:10:00 PM,034XX W GRAND AVE,0312,ROBBERY,ARMED:KNIFE/CUTTING INSTRUMENT,STREET,false,false,1121,011,27,23,03,1153550,1906709,2015,07/12/2015 12:42:46 PM,41.899850398,-87.711453573,"(41.899850398, -87.711453573)"
10147979,HY336680,07/05/2015 08:00:00 PM,072XX S KIMBARK AVE,2820,OTHER OFFENSE,TELEPHONE THREAT,APARTMENT,false,true,0324,,5,43,26,,,2015,07/12/2015 12:42:46 PM,,,
10139625,HY329046,07/05/2015 07:49:00 PM,050XX W SCHUBERT AVE,4625,OTHER OFFENSE,PAROLE VIOLATION,STREET,true,false,2521,025,31,19,26,1142046,1917440,2015,07/12/2015 12:42:46 PM,41.929518484,-87.753441876,"(41.929518484, -87.753441876)"
10139835,HY329309,07/05/2015 07:30:00 PM,031XX N LOCKWOOD AVE,0910,MOTOR VEHICLE THEFT,AUTOMOBILE,STREET,false,false,2514,025,30,19,07,1140535,1920210,2015,07/12/2015 12:42:46 PM,41.937147555,-87.758926248,"(41.937147555, -87.758926248)"
10140382,HY329023,07/05/2015 07:02:00 PM,004XX N CENTRAL PARK BLVD,0486,BATTERY,DOMESTIC BATTERY SIMPLE,STREET,false,false,1123,,27,23,08B,,,2015,07/12/2015 12:42:46 PM,,,
10140103,HY329435,07/05/2015 07:00:00 PM,046XX N MILWAUKEE AVE,0910,MOTOR VEHICLE THEFT,AUTOMOBILE,STREET,false,false,1623,016,45,15,07,1140506,1930503,2015,07/12/2015 12:42:46 PM,41.965393043,-87.75877923,"(41.965393043, -87.75877923)"
10139592,HY329017,07/05/2015 06:50:00 PM,027XX S DEARBORN ST,1350,CRIMINAL TRESPASS,TO STATE SUP LAND,CHA HALLWAY/STAIRWELL/ELEVATOR,true,false,0133,001,3,35,26,1176386,1886421,2015,07/12/2015 12:42:46 PM,41.843694008,-87.628189362,"(41.843694008, -87.628189362)"
10139573,HY328989,07/05/2015 06:40:00 PM,008XX S STATE ST,0430,BATTERY,AGGRAVATED: OTHER DANG WEAPON,CTA STATION,false,false,0123,001,2,32,04B,1176444,1896612,2015,07/12/2015 12:42:46 PM,41.871657499,-87.627669146,"(41.871657499, -87.627669146)"
10139640,HY329081,07/05/2015 06:30:00 PM,015XX N MILWAUKEE AVE,1150,DECEPTIVE PRACTICE,CREDIT CARD FRAUD,SMALL RETAIL STORE,false,false,1424,014,1,24,11,1163287,1910129,2015,07/12/2015 12:42:46 PM,41.909035876,-87.675593118,"(41.909035876, -87.675593118)"